[
{
  "model": "canales.configstreaming",
  "pk": 1,
  "fields": {
    "nombre": "bolaloca",
    "dominio": "bolaloca.my",
    "ruta": "",
    "activo": true
  }
},
{
  "model": "canales.configstreaming",
  "pk": 2,
  "fields": {
    "nombre": "streamx",
    "dominio": "streamx10.cloud",
    "ruta": "global1.php?channel=",
    "activo": false
  }
},
{
  "model": "canales.configstreaming",
  "pk": 3,
  "fields": {
    "nombre": "tvtvhd",
    "dominio": "tvtvhd.com",
    "ruta": "vivo/canales.php?stream=",
    "activo": true
  }
},
{
  "model": "canales.liga",
  "pk": 1,
  "fields": {
    "nombre": "La Liga EA SPORTS",
    "slug": "laliga",
    "logo": "ligas/channels4_profile_3.jpg",
    "pais": "",
    "activa": true
  }
},
{
  "model": "canales.liga",
  "pk": 2,
  "fields": {
    "nombre": "Premier League",
    "slug": "premier-league",
    "logo": "ligas/channels4_profile_4.jpg",
    "pais": "",
    "activa": true
  }
},
{
  "model": "canales.liga",
  "pk": 3,
  "fields": {
    "nombre": "Liga BetPlay Dimayor",
    "slug": "liga-colombiana",
    "logo": "ligas/465449584_556061376972248_698961887602540021_n.jpg",
    "pais": "",
    "activa": true
  }
},
{
  "model": "canales.liga",
  "pk": 4,
  "fields": {
    "nombre": "Copa Mundial de la FIFA",
    "slug": "copa-mundial-de-la-fifa",
    "logo": "ligas/channels4_profile_5.jpg",
    "pais": "",
    "activa": true
  }
},
{
  "model": "canales.liga",
  "pk": 5,
  "fields": {
    "nombre": "UEFA Champions League",
    "slug": "uefa-champions-league",
    "logo": "ligas/452532037_873770711234675_7998998848416492562_n.jpg",
    "pais": "",
    "activa": true
  }
},
{
  "model": "canales.liga",
  "pk": 6,
  "fields": {
    "nombre": "CONMEBOL Libertadores",
    "slug": "conmebol-libertadores",
    "logo": "ligas/CONMEBOL_Libertadores.jpg",
    "pais": "",
    "activa": true
  }
},
{
  "model": "canales.liga",
  "pk": 7,
  "fields": {
    "nombre": "Serie A",
    "slug": "serie-a",
    "logo": "ligas/Serie_A.jpg",
    "pais": "",
    "activa": true
  }
},
{
  "model": "canales.liga",
  "pk": 8,
  "fields": {
    "nombre": "Bundesliga",
    "slug": "bundesliga",
    "logo": "ligas/Bundesliga.jpg",
    "pais": "",
    "activa": true
  }
},
{
  "model": "canales.canalbolaloca",
  "pk": 1,
  "fields": {
    "numero": 1,
    "nombre": "beIN SPORT 1",
    "pais": "fr",
    "activo": true
  }
},
{
  "model": "canales.canalbolaloca",
  "pk": 2,
  "fields": {
    "numero": 2,
    "nombre": "beIN SPORT 2",
    "pais": "fr",
    "activo": true
  }
},
{
  "model": "canales.canalbolaloca",
  "pk": 3,
  "fields": {
    "numero": 3,
    "nombre": "beIN SPORT 3",
    "pais": "fr",
    "activo": true
  }
},
{
  "model": "canales.canalbolaloca",
  "pk": 4,
  "fields": {
    "numero": 4,
    "nombre": "beIN SPORT max 4",
    "pais": "fr",
    "activo": true
  }
},
{
  "model": "canales.canalbolaloca",
  "pk": 5,
  "fields": {
    "numero": 5,
    "nombre": "beIN SPORT max 5",
    "pais": "fr",
    "activo": true
  }
},
{
  "model": "canales.canalbolaloca",
  "pk": 6,
  "fields": {
    "numero": 6,
    "nombre": "beIN SPORT max 6",
    "pais": "fr",
    "activo": true
  }
},
{
  "model": "canales.canalbolaloca",
  "pk": 7,
  "fields": {
    "numero": 7,
    "nombre": "beIN SPORT max 7",
    "pais": "fr",
    "activo": true
  }
},
{
  "model": "canales.canalbolaloca",
  "pk": 8,
  "fields": {
    "numero": 8,
    "nombre": "beIN SPORT max 8",
    "pais": "fr",
    "activo": true
  }
},
{
  "model": "canales.canalbolaloca",
  "pk": 9,
  "fields": {
    "numero": 9,
    "nombre": "beIN SPORT max 9",
    "pais": "fr",
    "activo": true
  }
},
{
  "model": "canales.canalbolaloca",
  "pk": 10,
  "fields": {
    "numero": 10,
    "nombre": "beIN SPORT max 10",
    "pais": "fr",
    "activo": true
  }
},
{
  "model": "canales.canalbolaloca",
  "pk": 11,
  "fields": {
    "numero": 11,
    "nombre": "Canal+",
    "pais": "fr",
    "activo": true
  }
},
{
  "model": "canales.canalbolaloca",
  "pk": 12,
  "fields": {
    "numero": 12,
    "nombre": "Canal+ Foot",
    "pais": "fr",
    "activo": true
  }
},
{
  "model": "canales.canalbolaloca",
  "pk": 13,
  "fields": {
    "numero": 13,
    "nombre": "Canal+ Sport",
    "pais": "fr",
    "activo": true
  }
},
{
  "model": "canales.canalbolaloca",
  "pk": 14,
  "fields": {
    "numero": 14,
    "nombre": "Canal+ Sport360",
    "pais": "fr",
    "activo": true
  }
},
{
  "model": "canales.canalbolaloca",
  "pk": 15,
  "fields": {
    "numero": 15,
    "nombre": "Eurosport 1",
    "pais": "fr",
    "activo": true
  }
},
{
  "model": "canales.canalbolaloca",
  "pk": 16,
  "fields": {
    "numero": 16,
    "nombre": "Eurosport 2",
    "pais": "fr",
    "activo": true
  }
},
{
  "model": "canales.canalbolaloca",
  "pk": 17,
  "fields": {
    "numero": 17,
    "nombre": "RMC Sport 1",
    "pais": "fr",
    "activo": true
  }
},
{
  "model": "canales.canalbolaloca",
  "pk": 18,
  "fields": {
    "numero": 18,
    "nombre": "Ligue 1 FR 6",
    "pais": "fr",
    "activo": true
  }
},
{
  "model": "canales.canalbolaloca",
  "pk": 19,
  "fields": {
    "numero": 19,
    "nombre": "Equipe",
    "pais": "fr",
    "activo": true
  }
},
{
  "model": "canales.canalbolaloca",
  "pk": 20,
  "fields": {
    "numero": 20,
    "nombre": "Ligue 1 FR 1",
    "pais": "fr",
    "activo": true
  }
},
{
  "model": "canales.canalbolaloca",
  "pk": 21,
  "fields": {
    "numero": 21,
    "nombre": "Ligue 1 FR 4",
    "pais": "fr",
    "activo": true
  }
},
{
  "model": "canales.canalbolaloca",
  "pk": 22,
  "fields": {
    "numero": 22,
    "nombre": "Ligue 1 FR 5",
    "pais": "fr",
    "activo": true
  }
},
{
  "model": "canales.canalbolaloca",
  "pk": 23,
  "fields": {
    "numero": 49,
    "nombre": "M. LaLiga",
    "pais": "es",
    "activo": true
  }
},
{
  "model": "canales.canalbolaloca",
  "pk": 24,
  "fields": {
    "numero": 50,
    "nombre": "M. LaLiga 2",
    "pais": "es",
    "activo": true
  }
},
{
  "model": "canales.canalbolaloca",
  "pk": 25,
  "fields": {
    "numero": 51,
    "nombre": "DAZN Liga",
    "pais": "es",
    "activo": true
  }
},
{
  "model": "canales.canalbolaloca",
  "pk": 26,
  "fields": {
    "numero": 52,
    "nombre": "DAZN Liga 2",
    "pais": "es",
    "activo": true
  }
},
{
  "model": "canales.canalbolaloca",
  "pk": 27,
  "fields": {
    "numero": 68,
    "nombre": "TUDN USA",
    "pais": "us",
    "activo": true
  }
},
{
  "model": "canales.canalbolaloca",
  "pk": 28,
  "fields": {
    "numero": 69,
    "nombre": "beIN En Espanol",
    "pais": "us",
    "activo": true
  }
},
{
  "model": "canales.canalbolaloca",
  "pk": 29,
  "fields": {
    "numero": 70,
    "nombre": "FOX Deportes",
    "pais": "us",
    "activo": true
  }
},
{
  "model": "canales.canalbolaloca",
  "pk": 30,
  "fields": {
    "numero": 71,
    "nombre": "ESPN Deportes",
    "pais": "us",
    "activo": true
  }
},
{
  "model": "canales.canalbolaloca",
  "pk": 31,
  "fields": {
    "numero": 72,
    "nombre": "NBC Universo",
    "pais": "us",
    "activo": true
  }
},
{
  "model": "canales.canalbolaloca",
  "pk": 32,
  "fields": {
    "numero": 73,
    "nombre": "Telemundo",
    "pais": "us",
    "activo": true
  }
},
{
  "model": "canales.canalbolaloca",
  "pk": 33,
  "fields": {
    "numero": 75,
    "nombre": "TNT Sport ARG",
    "pais": "ar",
    "activo": true
  }
},
{
  "model": "canales.canalbolaloca",
  "pk": 34,
  "fields": {
    "numero": 76,
    "nombre": "ESPN Premium",
    "pais": "ar",
    "activo": true
  }
},
{
  "model": "canales.canalbolaloca",
  "pk": 35,
  "fields": {
    "numero": 77,
    "nombre": "TyC Sports",
    "pais": "ar",
    "activo": true
  }
},
{
  "model": "canales.canalbolaloca",
  "pk": 36,
  "fields": {
    "numero": 78,
    "nombre": "FOX Sport 1 ARG",
    "pais": "ar",
    "activo": true
  }
},
{
  "model": "canales.canalbolaloca",
  "pk": 37,
  "fields": {
    "numero": 79,
    "nombre": "FOX Sport 2 ARG",
    "pais": "ar",
    "activo": true
  }
},
{
  "model": "canales.canalbolaloca",
  "pk": 38,
  "fields": {
    "numero": 80,
    "nombre": "FOX Sport 3 ARG",
    "pais": "ar",
    "activo": true
  }
},
{
  "model": "canales.canalbolaloca",
  "pk": 39,
  "fields": {
    "numero": 81,
    "nombre": "Win Sport+",
    "pais": "co",
    "activo": true
  }
},
{
  "model": "canales.canalbolaloca",
  "pk": 40,
  "fields": {
    "numero": 82,
    "nombre": "Win Sport",
    "pais": "co",
    "activo": true
  }
},
{
  "model": "canales.canalbolaloca",
  "pk": 41,
  "fields": {
    "numero": 83,
    "nombre": "TNT Chile Premium",
    "pais": "cl",
    "activo": true
  }
},
{
  "model": "canales.canalbolaloca",
  "pk": 42,
  "fields": {
    "numero": 84,
    "nombre": "Liga 1 MAX",
    "pais": "pe",
    "activo": true
  }
},
{
  "model": "canales.canalbolaloca",
  "pk": 43,
  "fields": {
    "numero": 85,
    "nombre": "GolPeru",
    "pais": "pe",
    "activo": true
  }
},
{
  "model": "canales.canalbolaloca",
  "pk": 44,
  "fields": {
    "numero": 87,
    "nombre": "ESPN 1",
    "pais": "lat",
    "activo": true
  }
},
{
  "model": "canales.canalbolaloca",
  "pk": 45,
  "fields": {
    "numero": 88,
    "nombre": "ESPN 2",
    "pais": "lat",
    "activo": true
  }
},
{
  "model": "canales.canalbolaloca",
  "pk": 46,
  "fields": {
    "numero": 89,
    "nombre": "ESPN 3",
    "pais": "lat",
    "activo": true
  }
},
{
  "model": "canales.canalbolaloca",
  "pk": 47,
  "fields": {
    "numero": 90,
    "nombre": "ESPN 4",
    "pais": "lat",
    "activo": true
  }
},
{
  "model": "canales.canalbolaloca",
  "pk": 48,
  "fields": {
    "numero": 91,
    "nombre": "ESPN 5",
    "pais": "lat",
    "activo": true
  }
},
{
  "model": "canales.canalbolaloca",
  "pk": 49,
  "fields": {
    "numero": 92,
    "nombre": "ESPN 6",
    "pais": "lat",
    "activo": true
  }
},
{
  "model": "canales.canalbolaloca",
  "pk": 50,
  "fields": {
    "numero": 93,
    "nombre": "ESPN 7",
    "pais": "lat",
    "activo": true
  }
},
{
  "model": "canales.canalbolaloca",
  "pk": 51,
  "fields": {
    "numero": 94,
    "nombre": "DirecTV",
    "pais": "lat",
    "activo": true
  }
},
{
  "model": "canales.canalbolaloca",
  "pk": 52,
  "fields": {
    "numero": 95,
    "nombre": "DirecTV 2",
    "pais": "lat",
    "activo": true
  }
},
{
  "model": "canales.canalbolaloca",
  "pk": 53,
  "fields": {
    "numero": 96,
    "nombre": "DirecTV+",
    "pais": "lat",
    "activo": true
  }
},
{
  "model": "canales.canalbolaloca",
  "pk": 54,
  "fields": {
    "numero": 97,
    "nombre": "ESPN 1 MX",
    "pais": "mx",
    "activo": true
  }
},
{
  "model": "canales.canalbolaloca",
  "pk": 55,
  "fields": {
    "numero": 98,
    "nombre": "ESPN 2 MX",
    "pais": "mx",
    "activo": true
  }
},
{
  "model": "canales.canalbolaloca",
  "pk": 56,
  "fields": {
    "numero": 99,
    "nombre": "ESPN 3 MX",
    "pais": "mx",
    "activo": true
  }
},
{
  "model": "canales.canalbolaloca",
  "pk": 57,
  "fields": {
    "numero": 100,
    "nombre": "ESPN 4 MX",
    "pais": "mx",
    "activo": true
  }
},
{
  "model": "canales.canalbolaloca",
  "pk": 58,
  "fields": {
    "numero": 101,
    "nombre": "FOX Sport 1 MX",
    "pais": "mx",
    "activo": true
  }
},
{
  "model": "canales.canalbolaloca",
  "pk": 59,
  "fields": {
    "numero": 102,
    "nombre": "FOX Sport 2 MX",
    "pais": "mx",
    "activo": true
  }
},
{
  "model": "canales.canalbolaloca",
  "pk": 60,
  "fields": {
    "numero": 103,
    "nombre": "FOX Sport 3 MX",
    "pais": "mx",
    "activo": true
  }
},
{
  "model": "canales.canalbolaloca",
  "pk": 61,
  "fields": {
    "numero": 104,
    "nombre": "FOX Sports Premium",
    "pais": "mx",
    "activo": true
  }
},
{
  "model": "canales.canalbolaloca",
  "pk": 62,
  "fields": {
    "numero": 106,
    "nombre": "TUDN MX",
    "pais": "mx",
    "activo": true
  }
},
{
  "model": "canales.canalbolaloca",
  "pk": 63,
  "fields": {
    "numero": 107,
    "nombre": "Canal 5 MX",
    "pais": "mx",
    "activo": true
  }
},
{
  "model": "canales.canalbolaloca",
  "pk": 64,
  "fields": {
    "numero": 108,
    "nombre": "Azteca 7",
    "pais": "mx",
    "activo": true
  }
},
{
  "model": "canales.canalbolaloca",
  "pk": 65,
  "fields": {
    "numero": 110,
    "nombre": "Sky Bundesliga 10",
    "pais": "de",
    "activo": true
  }
},
{
  "model": "canales.canalbolaloca",
  "pk": 66,
  "fields": {
    "numero": 111,
    "nombre": "Sky Bundesliga 1",
    "pais": "de",
    "activo": true
  }
},
{
  "model": "canales.canalbolaloca",
  "pk": 67,
  "fields": {
    "numero": 112,
    "nombre": "Sky Bundesliga 2",
    "pais": "de",
    "activo": true
  }
},
{
  "model": "canales.canalbolaloca",
  "pk": 68,
  "fields": {
    "numero": 113,
    "nombre": "Sky Bundesliga 3",
    "pais": "de",
    "activo": true
  }
},
{
  "model": "canales.canalbolaloca",
  "pk": 69,
  "fields": {
    "numero": 126,
    "nombre": "TNT Sport UK",
    "pais": "uk",
    "activo": true
  }
},
{
  "model": "canales.canalbolaloca",
  "pk": 70,
  "fields": {
    "numero": 127,
    "nombre": "Sky Main UK",
    "pais": "uk",
    "activo": true
  }
},
{
  "model": "canales.canalbolaloca",
  "pk": 71,
  "fields": {
    "numero": 128,
    "nombre": "Sky Football UK",
    "pais": "uk",
    "activo": true
  }
},
{
  "model": "canales.canalbolaloca",
  "pk": 72,
  "fields": {
    "numero": 137,
    "nombre": "Zona DAZN IT",
    "pais": "it",
    "activo": true
  }
},
{
  "model": "canales.canalbolaloca",
  "pk": 73,
  "fields": {
    "numero": 138,
    "nombre": "Sky Calcio IT",
    "pais": "it",
    "activo": true
  }
},
{
  "model": "canales.canalbolaloca",
  "pk": 74,
  "fields": {
    "numero": 141,
    "nombre": "ESPN 1 NL",
    "pais": "nl",
    "activo": true
  }
},
{
  "model": "canales.canalbolaloca",
  "pk": 75,
  "fields": {
    "numero": 142,
    "nombre": "ESPN 2 NL",
    "pais": "nl",
    "activo": true
  }
},
{
  "model": "canales.canalbolaloca",
  "pk": 76,
  "fields": {
    "numero": 143,
    "nombre": "ESPN 3 NL",
    "pais": "nl",
    "activo": true
  }
},
{
  "model": "canales.canalbolaloca",
  "pk": 77,
  "fields": {
    "numero": 144,
    "nombre": "Sport 1 PT",
    "pais": "pt",
    "activo": true
  }
},
{
  "model": "canales.canalbolaloca",
  "pk": 78,
  "fields": {
    "numero": 145,
    "nombre": "Sport 2 PT",
    "pais": "pt",
    "activo": true
  }
},
{
  "model": "canales.canalbolaloca",
  "pk": 79,
  "fields": {
    "numero": 146,
    "nombre": "Sport 3 PT",
    "pais": "pt",
    "activo": true
  }
},
{
  "model": "canales.canal",
  "pk": 1,
  "fields": {
    "nombre": "ESPN",
    "slug": "espn",
    "logo": "canales/channels4_profile_2.jpg",
    "url_sitio": "",
    "descripcion": "",
    "activo": true,
    "fecha_creacion": "2026-02-21T01:43:07.354Z"
  }
},
{
  "model": "canales.canal",
  "pk": 2,
  "fields": {
    "nombre": "Win sports",
    "slug": "win-sports",
    "logo": "canales/winsports_logo.jpg",
    "url_sitio": "",
    "descripcion": "",
    "activo": true,
    "fecha_creacion": "2026-02-21T03:03:33.638Z"
  }
},
{
  "model": "canales.canal",
  "pk": 3,
  "fields": {
    "nombre": "DAZN",
    "slug": "dazn",
    "logo": "canales/channels4_profile.jpg",
    "url_sitio": "",
    "descripcion": "",
    "activo": true,
    "fecha_creacion": "2026-02-21T03:14:55.218Z"
  }
},
{
  "model": "canales.canal",
  "pk": 4,
  "fields": {
    "nombre": "Dsports",
    "slug": "dsports",
    "logo": "canales/channels4_profile_1.jpg",
    "url_sitio": "",
    "descripcion": "",
    "activo": true,
    "fecha_creacion": "2026-02-21T03:59:41.014Z"
  }
},
{
  "model": "canales.canal",
  "pk": 5,
  "fields": {
    "nombre": "Movistar",
    "slug": "movistar",
    "logo": "canales/images.png",
    "url_sitio": "",
    "descripcion": "",
    "activo": true,
    "fecha_creacion": "2026-02-28T00:38:24.080Z"
  }
},
{
  "model": "canales.video",
  "pk": 17,
  "fields": {
    "titulo": "ESPN 1",
    "tipo": "iframe",
    "url_video": "https://tvtvhd.com/vivo/canales.php?stream=espn",
    "youtube_id": "",
    "canal": 1,
    "descripcion": "",
    "thumbnail_custom": "thumbnails/ESPN_FWxLHcP.png",
    "fecha_publicacion": "2026-02-28T22:29:06.206Z",
    "destacado": true,
    "activo": true,
    "bolaloca_canal": 44,
    "stream_id": "espn",
    "tvtvhd_id": "espn",
    "ligas": [
      8,
      6,
      1,
      2,
      7,
      5
    ]
  }
},
{
  "model": "canales.video",
  "pk": 18,
  "fields": {
    "titulo": "ESPN 2",
    "tipo": "iframe",
    "url_video": "https://tvtvhd.com/vivo/canales.php?stream=espn2",
    "youtube_id": "",
    "canal": 1,
    "descripcion": "",
    "thumbnail_custom": "thumbnails/ESPN_2_5OD417J.jpg",
    "fecha_publicacion": "2026-02-28T22:29:06.237Z",
    "destacado": false,
    "activo": true,
    "bolaloca_canal": 45,
    "stream_id": "espn2",
    "tvtvhd_id": "espn2",
    "ligas": [
      8,
      6,
      1,
      2,
      7,
      5
    ]
  }
},
{
  "model": "canales.video",
  "pk": 19,
  "fields": {
    "titulo": "ESPN 3",
    "tipo": "iframe",
    "url_video": "https://tvtvhd.com/vivo/canales.php?stream=espn3",
    "youtube_id": "",
    "canal": 1,
    "descripcion": "",
    "thumbnail_custom": "thumbnails/ESPN_3_kGRLHId.jpg",
    "fecha_publicacion": "2026-02-28T22:29:06.268Z",
    "destacado": false,
    "activo": true,
    "bolaloca_canal": 30,
    "stream_id": "espn3",
    "tvtvhd_id": "espn3",
    "ligas": [
      8,
      6,
      1,
      2,
      7,
      5
    ]
  }
},
{
  "model": "canales.video",
  "pk": 20,
  "fields": {
    "titulo": "ESPN 4",
    "tipo": "iframe",
    "url_video": "https://tvtvhd.com/vivo/canales.php?stream=espn4",
    "youtube_id": "",
    "canal": 1,
    "descripcion": "",
    "thumbnail_custom": "thumbnails/ESPN_FWo2cBJ.jpg",
    "fecha_publicacion": "2026-02-28T22:29:06.324Z",
    "destacado": false,
    "activo": true,
    "bolaloca_canal": 54,
    "stream_id": "espn4",
    "tvtvhd_id": "espn4",
    "ligas": [
      8,
      6,
      1,
      2,
      7,
      5
    ]
  }
},
{
  "model": "canales.video",
  "pk": 21,
  "fields": {
    "titulo": "ESPN 5",
    "tipo": "iframe",
    "url_video": "https://tvtvhd.com/vivo/canales.php?stream=espn5",
    "youtube_id": "",
    "canal": 1,
    "descripcion": "",
    "thumbnail_custom": "thumbnails/Diseńo_sin_título_1.png",
    "fecha_publicacion": "2026-02-28T22:29:06.357Z",
    "destacado": false,
    "activo": true,
    "bolaloca_canal": null,
    "stream_id": "espn5",
    "tvtvhd_id": "espn5",
    "ligas": []
  }
},
{
  "model": "canales.video",
  "pk": 22,
  "fields": {
    "titulo": "ESPN 6",
    "tipo": "iframe",
    "url_video": "https://tvtvhd.com/vivo/canales.php?stream=espn6",
    "youtube_id": "",
    "canal": 1,
    "descripcion": "",
    "thumbnail_custom": "thumbnails/Diseńo_sin_título_2.png",
    "fecha_publicacion": "2026-02-28T22:29:06.379Z",
    "destacado": false,
    "activo": true,
    "bolaloca_canal": null,
    "stream_id": "espn6",
    "tvtvhd_id": "espn6",
    "ligas": []
  }
},
{
  "model": "canales.video",
  "pk": 23,
  "fields": {
    "titulo": "ESPN 7",
    "tipo": "iframe",
    "url_video": "https://tvtvhd.com/vivo/canales.php?stream=espn7",
    "youtube_id": "",
    "canal": 1,
    "descripcion": "",
    "thumbnail_custom": "thumbnails/1.png",
    "fecha_publicacion": "2026-02-28T22:29:06.405Z",
    "destacado": false,
    "activo": true,
    "bolaloca_canal": null,
    "stream_id": "espn7",
    "tvtvhd_id": "espn7",
    "ligas": []
  }
},
{
  "model": "canales.video",
  "pk": 24,
  "fields": {
    "titulo": "ESPN Premium",
    "tipo": "iframe",
    "url_video": "https://tvtvhd.com/vivo/canales.php?stream=espnpremium",
    "youtube_id": "",
    "canal": 1,
    "descripcion": "",
    "thumbnail_custom": "thumbnails/2.png",
    "fecha_publicacion": "2026-02-28T22:29:06.426Z",
    "destacado": false,
    "activo": true,
    "bolaloca_canal": 46,
    "stream_id": "espnpremium",
    "tvtvhd_id": "espnpremium",
    "ligas": []
  }
},
{
  "model": "canales.video",
  "pk": 25,
  "fields": {
    "titulo": "ESPN Deportes",
    "tipo": "iframe",
    "url_video": "https://dlstreams.top/stream/stream-375.php",
    "youtube_id": "",
    "canal": 1,
    "descripcion": "",
    "thumbnail_custom": "thumbnails/ESPN_Deportes_y5BGm7A.jpg",
    "fecha_publicacion": "2026-02-28T22:29:06.456Z",
    "destacado": false,
    "activo": true,
    "bolaloca_canal": 30,
    "stream_id": "espndeportes",
    "tvtvhd_id": "espndeportes",
    "ligas": [
      8,
      1,
      7
    ]
  }
},
{
  "model": "canales.video",
  "pk": 26,
  "fields": {
    "titulo": "DSports",
    "tipo": "iframe",
    "url_video": "https://tvtvhd.com/vivo/canales.php?stream=dsports",
    "youtube_id": "",
    "canal": 4,
    "descripcion": "",
    "thumbnail_custom": "thumbnails/ESPN1_w8Nek3a.jpg",
    "fecha_publicacion": "2026-02-28T22:29:06.485Z",
    "destacado": false,
    "activo": true,
    "bolaloca_canal": 51,
    "stream_id": "dsports",
    "tvtvhd_id": "dsports",
    "ligas": [
      4,
      1
    ]
  }
},
{
  "model": "canales.video",
  "pk": 27,
  "fields": {
    "titulo": "DSports 2",
    "tipo": "iframe",
    "url_video": "https://tvtvhd.com/vivo/canales.php?stream=dsports2",
    "youtube_id": "",
    "canal": 4,
    "descripcion": "",
    "thumbnail_custom": "thumbnails/dsports_2_qVwL0hs.png",
    "fecha_publicacion": "2026-02-28T22:29:06.516Z",
    "destacado": false,
    "activo": true,
    "bolaloca_canal": 52,
    "stream_id": "dsports2",
    "tvtvhd_id": "dsports2",
    "ligas": [
      4,
      1
    ]
  }
},
{
  "model": "canales.video",
  "pk": 28,
  "fields": {
    "titulo": "DSports Plus",
    "tipo": "iframe",
    "url_video": "https://tvtvhd.com/vivo/canales.php?stream=dsportsplus",
    "youtube_id": "",
    "canal": 4,
    "descripcion": "",
    "thumbnail_custom": "thumbnails/dsports__k4n2lgK.png",
    "fecha_publicacion": "2026-02-28T22:29:06.545Z",
    "destacado": false,
    "activo": true,
    "bolaloca_canal": null,
    "stream_id": "dsportsplus",
    "tvtvhd_id": "dsportsplus",
    "ligas": [
      4,
      1
    ]
  }
},
{
  "model": "canales.video",
  "pk": 29,
  "fields": {
    "titulo": "Win Sports+",
    "tipo": "iframe",
    "url_video": "https://la14hd.com/vivo/canales.php?stream=winsportsplus",
    "youtube_id": "",
    "canal": 2,
    "descripcion": "",
    "thumbnail_custom": "thumbnails/Captura_de_pantalla_2026-02-21_203953_nWSuM3u.png",
    "fecha_publicacion": "2026-02-28T22:29:06.568Z",
    "destacado": false,
    "activo": true,
    "bolaloca_canal": 39,
    "stream_id": "winsportplus",
    "tvtvhd_id": "",
    "ligas": [
      4,
      3
    ]
  }
},
{
  "model": "canales.video",
  "pk": 31,
  "fields": {
    "titulo": "Win Sports",
    "tipo": "iframe",
    "url_video": "https://mediahosting.space/embed/player?config=a45e6d53-d399-4db7-bc49-7740f4a31c7e",
    "youtube_id": "",
    "canal": 2,
    "descripcion": "",
    "thumbnail_custom": "thumbnails/Win_sports_v6iixom.jpg",
    "fecha_publicacion": "2026-02-28T22:29:06.627Z",
    "destacado": false,
    "activo": true,
    "bolaloca_canal": null,
    "stream_id": "winsports",
    "tvtvhd_id": "winsports",
    "ligas": [
      3
    ]
  }
},
{
  "model": "canales.video",
  "pk": 32,
  "fields": {
    "titulo": "DAZN 1",
    "tipo": "iframe",
    "url_video": "https://mediahosting.space/embed/player?config=ca5eb5de-4417-4f98-bbc8-cde37cf77fac",
    "youtube_id": "",
    "canal": 3,
    "descripcion": "",
    "thumbnail_custom": "thumbnails/image_IHsw9Z5.jpg",
    "fecha_publicacion": "2026-02-28T22:29:06.649Z",
    "destacado": false,
    "activo": true,
    "bolaloca_canal": null,
    "stream_id": "dazn1",
    "tvtvhd_id": "dazn1",
    "ligas": [
      2
    ]
  }
},
{
  "model": "canales.video",
  "pk": 33,
  "fields": {
    "titulo": "DAZN 2",
    "tipo": "iframe",
    "url_video": "https://dlstreams.top/stream/stream-446.php",
    "youtube_id": "",
    "canal": 3,
    "descripcion": "",
    "thumbnail_custom": "thumbnails/DAZN_2_YBaoWfH.jpg",
    "fecha_publicacion": "2026-02-28T22:29:06.669Z",
    "destacado": false,
    "activo": true,
    "bolaloca_canal": null,
    "stream_id": "dazn2",
    "tvtvhd_id": "dazn2",
    "ligas": [
      2
    ]
  }
},
{
  "model": "canales.video",
  "pk": 36,
  "fields": {
    "titulo": "DAZN LaLiga",
    "tipo": "iframe",
    "url_video": "https://mediahosting.space/embed/player?config=a435aeda-ed7d-47bb-8df7-5a6f0b20e6a4",
    "youtube_id": "",
    "canal": 3,
    "descripcion": "",
    "thumbnail_custom": "thumbnails/DAZN-LA-LIGA_BqH1C3k.png",
    "fecha_publicacion": "2026-02-28T22:29:06.732Z",
    "destacado": true,
    "activo": true,
    "bolaloca_canal": null,
    "stream_id": "dazn_laliga",
    "tvtvhd_id": "dazn_laliga",
    "ligas": [
      1
    ]
  }
},
{
  "model": "canales.video",
  "pk": 37,
  "fields": {
    "titulo": "M+ LaLiga TV",
    "tipo": "iframe",
    "url_video": "https://cc3.screenistream.xyz:8080/stream/309/index.m3u8?token=T4Nz6WCt2Uwlqma4",
    "youtube_id": "",
    "canal": 5,
    "descripcion": "",
    "thumbnail_custom": "thumbnails/Movistar_la_liga_1kEUE8q.jpg",
    "fecha_publicacion": "2026-02-28T22:29:06.754Z",
    "destacado": true,
    "activo": true,
    "bolaloca_canal": null,
    "stream_id": "m_laligatv",
    "tvtvhd_id": "m_laligatv",
    "ligas": [
      1
    ]
  }
},
{
  "model": "canales.video",
  "pk": 39,
  "fields": {
    "titulo": "Liga de Campeones 1",
    "tipo": "iframe",
    "url_video": "https://dlstreams.top/stream/stream-435.php",
    "youtube_id": "",
    "canal": 5,
    "descripcion": "",
    "thumbnail_custom": "thumbnails/Diseńo_sin_título.png",
    "fecha_publicacion": "2026-02-28T22:29:06.799Z",
    "destacado": false,
    "activo": true,
    "bolaloca_canal": null,
    "stream_id": "ligadecampeones1",
    "tvtvhd_id": "ligadecampeones1",
    "ligas": [
      1,
      2,
      7,
      5
    ]
  }
},
{
  "model": "canales.video",
  "pk": 40,
  "fields": {
    "titulo": "Liga de Campeones 2",
    "tipo": "iframe",
    "url_video": "https://cc3.screenistream.xyz:8080/stream/319/index.m3u8?token=T4Nz6WCt2Uwlqma4",
    "youtube_id": "",
    "canal": 5,
    "descripcion": "",
    "thumbnail_custom": "thumbnails/Diseńo_sin_título_ZzzK7RE.png",
    "fecha_publicacion": "2026-02-28T22:29:06.819Z",
    "destacado": false,
    "activo": true,
    "bolaloca_canal": null,
    "stream_id": "ligadecampeones2",
    "tvtvhd_id": "ligadecampeones2",
    "ligas": [
      1,
      2,
      7,
      5
    ]
  }
},
{
  "model": "canales.video",
  "pk": 41,
  "fields": {
    "titulo": "Liga de Campeones 3",
    "tipo": "iframe",
    "url_video": "https://cc3.screenistream.xyz:8080/stream/320/index.m3u8?token=T4Nz6WCt2Uwlqma4",
    "youtube_id": "",
    "canal": 5,
    "descripcion": "",
    "thumbnail_custom": "thumbnails/Diseńo_sin_título_u1sV6Hb.png",
    "fecha_publicacion": "2026-02-28T22:29:06.839Z",
    "destacado": false,
    "activo": true,
    "bolaloca_canal": null,
    "stream_id": "ligadecampeones3",
    "tvtvhd_id": "ligadecampeones3",
    "ligas": [
      1,
      2,
      7,
      5
    ]
  }
},
{
  "model": "canales.video",
  "pk": 42,
  "fields": {
    "titulo": "M+ LaLiga TV 2",
    "tipo": "iframe",
    "url_video": "https://cc3.screenistream.xyz:8080/stream/323/index.m3u8?token=T4Nz6WCt2Uwlqma4",
    "youtube_id": "",
    "canal": 5,
    "descripcion": "",
    "thumbnail_custom": "thumbnails/Movistar_la_liga_ZApTuMl.jpg",
    "fecha_publicacion": "2026-02-28T23:12:08.959Z",
    "destacado": false,
    "activo": true,
    "bolaloca_canal": 24,
    "stream_id": "",
    "tvtvhd_id": "",
    "ligas": [
      1
    ]
  }
},
{
  "model": "canales.video",
  "pk": 44,
  "fields": {
    "titulo": "DAZN F1",
    "tipo": "iframe",
    "url_video": "https://cc3.screenistream.xyz:8080/stream/312/index.m3u8?token=T4Nz6WCt2Uwlqma4",
    "youtube_id": "",
    "canal": 3,
    "descripcion": "",
    "thumbnail_custom": "thumbnails/CBZFIHC5SNPXBFZCAHR2PANMHE.jpg",
    "fecha_publicacion": "2026-03-06T20:51:51.181Z",
    "destacado": false,
    "activo": true,
    "bolaloca_canal": null,
    "stream_id": "",
    "tvtvhd_id": "",
    "ligas": []
  }
},
{
  "model": "canales.enlacevideo",
  "pk": 15,
  "fields": {
    "video": 17,
    "nombre": "Opcion 2",
    "tipo": "iframe",
    "url": "https://bolaloca.my/player/1/87",
    "activo": true,
    "orden": 1
  }
},
{
  "model": "canales.enlacevideo",
  "pk": 17,
  "fields": {
    "video": 18,
    "nombre": "Opcion 2",
    "tipo": "iframe",
    "url": "https://bolaloca.my/player/1/88",
    "activo": true,
    "orden": 1
  }
},
{
  "model": "canales.enlacevideo",
  "pk": 19,
  "fields": {
    "video": 19,
    "nombre": "Opcion 2",
    "tipo": "iframe",
    "url": "https://bolaloca.my/player/1/89",
    "activo": true,
    "orden": 1
  }
},
{
  "model": "canales.enlacevideo",
  "pk": 21,
  "fields": {
    "video": 20,
    "nombre": "Opcion 2",
    "tipo": "iframe",
    "url": "https://bolaloca.my/player/1/90",
    "activo": true,
    "orden": 1
  }
},
{
  "model": "canales.enlacevideo",
  "pk": 22,
  "fields": {
    "video": 21,
    "nombre": "Opcion 1",
    "tipo": "iframe",
    "url": "https://tvtvhd.com/vivo/canales.php?stream=espn5",
    "activo": true,
    "orden": 0
  }
},
{
  "model": "canales.enlacevideo",
  "pk": 23,
  "fields": {
    "video": 22,
    "nombre": "Opcion 1",
    "tipo": "iframe",
    "url": "https://tvtvhd.com/vivo/canales.php?stream=espn6",
    "activo": true,
    "orden": 0
  }
},
{
  "model": "canales.enlacevideo",
  "pk": 24,
  "fields": {
    "video": 23,
    "nombre": "Opcion 1",
    "tipo": "iframe",
    "url": "https://tvtvhd.com/vivo/canales.php?stream=espn7",
    "activo": true,
    "orden": 0
  }
},
{
  "model": "canales.enlacevideo",
  "pk": 25,
  "fields": {
    "video": 24,
    "nombre": "Opcion 1",
    "tipo": "iframe",
    "url": "https://tvtvhd.com/vivo/canales.php?stream=espnpremium",
    "activo": true,
    "orden": 0
  }
},
{
  "model": "canales.enlacevideo",
  "pk": 26,
  "fields": {
    "video": 24,
    "nombre": "Opcion 2",
    "tipo": "iframe",
    "url": "https://bolaloca.my/player/1/89",
    "activo": true,
    "orden": 1
  }
},
{
  "model": "canales.enlacevideo",
  "pk": 28,
  "fields": {
    "video": 25,
    "nombre": "Opcion 2",
    "tipo": "iframe",
    "url": "https://bolaloca.my/player/1/71",
    "activo": true,
    "orden": 1
  }
},
{
  "model": "canales.enlacevideo",
  "pk": 30,
  "fields": {
    "video": 26,
    "nombre": "Opcion 2",
    "tipo": "iframe",
    "url": "https://bolaloca.my/player/1/94",
    "activo": true,
    "orden": 1
  }
},
{
  "model": "canales.enlacevideo",
  "pk": 32,
  "fields": {
    "video": 27,
    "nombre": "Opcion 2",
    "tipo": "iframe",
    "url": "https://bolaloca.my/player/1/95",
    "activo": true,
    "orden": 1
  }
},
{
  "model": "canales.enlacevideo",
  "pk": 33,
  "fields": {
    "video": 28,
    "nombre": "Opcion 1",
    "tipo": "iframe",
    "url": "https://tvtvhd.com/vivo/canales.php?stream=dsportsplus",
    "activo": true,
    "orden": 0
  }
},
{
  "model": "canales.enlacevideo",
  "pk": 35,
  "fields": {
    "video": 29,
    "nombre": "Opcion 2",
    "tipo": "iframe",
    "url": "https://bolaloca.my/player/1/81",
    "activo": true,
    "orden": 0
  }
},
{
  "model": "canales.enlacevideo",
  "pk": 38,
  "fields": {
    "video": 31,
    "nombre": "Opcion 2",
    "tipo": "iframe",
    "url": "https://tvtvhd.com/vivo/canales.php?stream=winsports",
    "activo": true,
    "orden": 0
  }
},
{
  "model": "canales.enlacevideo",
  "pk": 44,
  "fields": {
    "video": 37,
    "nombre": "Opcion 1",
    "tipo": "iframe",
    "url": "https://bolaloca.my/player/1/49",
    "activo": true,
    "orden": 0
  }
},
{
  "model": "canales.enlacevideo",
  "pk": 49,
  "fields": {
    "video": 42,
    "nombre": "Opcion 2",
    "tipo": "iframe",
    "url": "https://bolaloca.my/player/1/50",
    "activo": true,
    "orden": 0
  }
},
{
  "model": "canales.enlacevideo",
  "pk": 52,
  "fields": {
    "video": 29,
    "nombre": "Opcion 3",
    "tipo": "iframe",
    "url": "https://stream.3sila.xyz/stream/echo/deportes-tolima-vs-santa-fe-football-1506020/1",
    "activo": true,
    "orden": 1
  }
},
{
  "model": "canales.enlacevideo",
  "pk": 53,
  "fields": {
    "video": 39,
    "nombre": "Opcion 2",
    "tipo": "iframe",
    "url": "https://deportes.ksdjugfsddeports.com:9092/MTYxLjEwLjE5MC4xNzU=/29_.m3u8?token=1uSFyrT9-Lom0oIEVc2Q8Q&expires=1774334246",
    "activo": true,
    "orden": 0
  }
},
{
  "model": "canales.enlacevideo",
  "pk": 54,
  "fields": {
    "video": 31,
    "nombre": "Opcion 3",
    "tipo": "iframe",
    "url": "https://la14hd.com/vivo/canales.php?stream=winsports",
    "activo": true,
    "orden": 0
  }
},
{
  "model": "canales.enlacevideo",
  "pk": 56,
  "fields": {
    "video": 36,
    "nombre": "Opcion 2",
    "tipo": "iframe",
    "url": "https://mediahosting.space/embed/player?config=ffab2b25-5912-40a8-8a1c-52668262d29f",
    "activo": true,
    "orden": 0
  }
},
{
  "model": "canales.enlacevideo",
  "pk": 57,
  "fields": {
    "video": 26,
    "nombre": "Opcion 3",
    "tipo": "iframe",
    "url": "https://mediahosting.space/embed/player?config=35192a95-5d04-44c6-9d1a-84f446d91b28",
    "activo": true,
    "orden": 2
  }
},
{
  "model": "canales.enlacevideo",
  "pk": 58,
  "fields": {
    "video": 39,
    "nombre": "Opcion 3",
    "tipo": "iframe",
    "url": "https://gollibre.com/en-vivo-online/m-campeones/embed.php",
    "activo": true,
    "orden": 0
  }
},
{
  "model": "canales.enlacevideo",
  "pk": 59,
  "fields": {
    "video": 25,
    "nombre": "Opcion 3",
    "tipo": "iframe",
    "url": "https://dlstreams.top/stream/stream-375.php",
    "activo": true,
    "orden": 2
  }
},
{
  "model": "canales.enlacevideo",
  "pk": 60,
  "fields": {
    "video": 33,
    "nombre": "Opcion 2",
    "tipo": "iframe",
    "url": "https://tv247us.vip/embed/dazn-2-spain/",
    "activo": true,
    "orden": 0
  }
},
{
  "model": "canales.bannerimagen",
  "pk": 2,
  "fields": {
    "titulo": "Copa del rey",
    "descripcion": "",
    "imagen": "banners/a0333e65e740785e0bf05622bb6ccfd8_XmlW5cD.webp",
    "canal": 5,
    "liga": null,
    "orden": 0,
    "activo": true
  }
},
{
  "model": "canales.bannerimagen",
  "pk": 4,
  "fields": {
    "titulo": "UEFA Champions League",
    "descripcion": "",
    "imagen": "banners/ESPN-Futbol-UEFA-Champios-League-25-26-Jugadores-COL-16-9_Tj2AI8u.jpg",
    "canal": 1,
    "liga": 5,
    "orden": 0,
    "activo": true
  }
},
{
  "model": "canales.bannerimagen",
  "pk": 5,
  "fields": {
    "titulo": "Bundesliga",
    "descripcion": "",
    "imagen": "banners/image_2_Yjr119L.jpg",
    "canal": 3,
    "liga": 8,
    "orden": 0,
    "activo": true
  }
},
{
  "model": "canales.bannerimagen",
  "pk": 6,
  "fields": {
    "titulo": "Bundesliga",
    "descripcion": "",
    "imagen": "banners/r1534891_1296x729_16-9_ZVbaU6T.png",
    "canal": 1,
    "liga": 8,
    "orden": 0,
    "activo": true
  }
},
{
  "model": "canales.bannerimagen",
  "pk": 8,
  "fields": {
    "titulo": "Copa Mundial de la FIFA",
    "descripcion": "",
    "imagen": "banners/DAZN_Copa-Mundial-de-la-FIFA-2026_RduxVEP.webp",
    "canal": 3,
    "liga": 4,
    "orden": 0,
    "activo": true
  }
},
{
  "model": "canales.bannerimagen",
  "pk": 9,
  "fields": {
    "titulo": "Serie A",
    "descripcion": "",
    "imagen": "banners/04-Desktop__LRD_and_Tablet_Landscape_-_16x9_2x__32__wgigaUe.jpg",
    "canal": 3,
    "liga": 7,
    "orden": 0,
    "activo": true
  }
},
{
  "model": "canales.bannerimagen",
  "pk": 10,
  "fields": {
    "titulo": "Premier League",
    "descripcion": "",
    "imagen": "banners/EPL-.jpeg",
    "canal": 1,
    "liga": 2,
    "orden": 0,
    "activo": true
  }
},
{
  "model": "canales.bannerimagen",
  "pk": 11,
  "fields": {
    "titulo": "La Liga EA SPORTS",
    "descripcion": "",
    "imagen": "banners/LALIGA_Web.png",
    "canal": 3,
    "liga": 1,
    "orden": 0,
    "activo": true
  }
},
{
  "model": "canales.bannerimagen",
  "pk": 12,
  "fields": {
    "titulo": "UEFA Champions League",
    "descripcion": "",
    "imagen": "banners/04-Desktop__LRD_and_Tablet_Landscape_-_16x9_2x.webp",
    "canal": null,
    "liga": 5,
    "orden": 0,
    "activo": true
  }
},
{
  "model": "canales.bannerimagen",
  "pk": 13,
  "fields": {
    "titulo": "Copa Mundial de la FIFA",
    "descripcion": "",
    "imagen": "banners/G4cfm6mXIAAbWin.jpg",
    "canal": 4,
    "liga": 4,
    "orden": 0,
    "activo": true
  }
},
{
  "model": "canales.bannerimagen",
  "pk": 14,
  "fields": {
    "titulo": "Liga BetPlay Dimayor",
    "descripcion": "",
    "imagen": "banners/img.jpg",
    "canal": 2,
    "liga": 3,
    "orden": 0,
    "activo": true
  }
},
{
  "model": "canales.bannerimagen",
  "pk": 15,
  "fields": {
    "titulo": "Copa Mundial de la FIFA",
    "descripcion": "",
    "imagen": "banners/img_2.png",
    "canal": 2,
    "liga": 4,
    "orden": 0,
    "activo": true
  }
},
{
  "model": "canales.bannerimagen",
  "pk": 16,
  "fields": {
    "titulo": "La Liga EA SPORTS",
    "descripcion": "",
    "imagen": "banners/01069a669764f0d4e5d0b6caebd33048.webp",
    "canal": 5,
    "liga": 1,
    "orden": 0,
    "activo": true
  }
},
{
  "model": "canales.bannerimagen",
  "pk": 17,
  "fields": {
    "titulo": "Premier League",
    "descripcion": "",
    "imagen": "banners/d8fe88047a6ec18b8b9c6d1d6def89f7.webp",
    "canal": 5,
    "liga": 2,
    "orden": 0,
    "activo": true
  }
},
{
  "model": "canales.bannerimagen",
  "pk": 18,
  "fields": {
    "titulo": "UEFA Champions League",
    "descripcion": "",
    "imagen": "banners/7b948d7427358fd56b789fb430ee7acf.webp",
    "canal": 5,
    "liga": 5,
    "orden": 0,
    "activo": true
  }
},
{
  "model": "canales.mapeoligacanal",
  "pk": 1,
  "fields": {
    "liga_api_id": 140,
    "liga_nombre": "La Liga",
    "activo": true,
    "canales": []
  }
},
{
  "model": "canales.mapeoligacanal",
  "pk": 2,
  "fields": {
    "liga_api_id": 39,
    "liga_nombre": "Premier League",
    "activo": true,
    "canales": []
  }
},
{
  "model": "canales.mapeoligacanal",
  "pk": 3,
  "fields": {
    "liga_api_id": 135,
    "liga_nombre": "Serie A",
    "activo": true,
    "canales": []
  }
},
{
  "model": "canales.mapeoligacanal",
  "pk": 4,
  "fields": {
    "liga_api_id": 78,
    "liga_nombre": "Bundesliga",
    "activo": true,
    "canales": []
  }
},
{
  "model": "canales.mapeoligacanal",
  "pk": 5,
  "fields": {
    "liga_api_id": 61,
    "liga_nombre": "Ligue 1",
    "activo": true,
    "canales": []
  }
},
{
  "model": "canales.mapeoligacanal",
  "pk": 6,
  "fields": {
    "liga_api_id": 2,
    "liga_nombre": "Champions League",
    "activo": true,
    "canales": []
  }
},
{
  "model": "canales.mapeoligacanal",
  "pk": 7,
  "fields": {
    "liga_api_id": 13,
    "liga_nombre": "Copa Libertadores",
    "activo": true,
    "canales": []
  }
},
{
  "model": "canales.mapeoligacanal",
  "pk": 8,
  "fields": {
    "liga_api_id": 239,
    "liga_nombre": "Liga BetPlay",
    "activo": true,
    "canales": []
  }
},
{
  "model": "canales.mapeoligacanal",
  "pk": 9,
  "fields": {
    "liga_api_id": 2021,
    "liga_nombre": "Premier League",
    "activo": true,
    "canales": []
  }
},
{
  "model": "canales.mapeoligacanal",
  "pk": 10,
  "fields": {
    "liga_api_id": 2014,
    "liga_nombre": "La Liga",
    "activo": true,
    "canales": []
  }
},
{
  "model": "canales.mapeoligacanal",
  "pk": 11,
  "fields": {
    "liga_api_id": 2019,
    "liga_nombre": "Serie A",
    "activo": true,
    "canales": []
  }
},
{
  "model": "canales.mapeoligacanal",
  "pk": 12,
  "fields": {
    "liga_api_id": 2002,
    "liga_nombre": "Bundesliga",
    "activo": true,
    "canales": []
  }
},
{
  "model": "canales.mapeoligacanal",
  "pk": 13,
  "fields": {
    "liga_api_id": 2015,
    "liga_nombre": "Ligue 1",
    "activo": true,
    "canales": []
  }
},
{
  "model": "canales.mapeoligacanal",
  "pk": 14,
  "fields": {
    "liga_api_id": 2001,
    "liga_nombre": "Champions League",
    "activo": true,
    "canales": []
  }
},
{
  "model": "canales.mapeoligacanal",
  "pk": 15,
  "fields": {
    "liga_api_id": 9999,
    "liga_nombre": "Copa Mundial FIFA",
    "activo": true,
    "canales": [
      32,
      31,
      29,
      28,
      27,
      26
    ]
  }
},
{
  "model": "canales.mapeoligacanal",
  "pk": 16,
  "fields": {
    "liga_api_id": 11,
    "liga_nombre": "Copa Sudamericana",
    "activo": true,
    "canales": []
  }
},
{
  "model": "canales.partido",
  "pk": 665,
  "fields": {
    "api_id": 537327,
    "liga_nombre": "FIFA World Cup",
    "liga_logo": "https://crests.football-data.org/wm26.png",
    "liga_api_id": 2000,
    "equipo_local": "Mexico",
    "equipo_local_logo": "https://crests.football-data.org/769.svg",
    "equipo_visitante": "South Africa",
    "equipo_visitante_logo": "https://crests.football-data.org/9396.svg",
    "fecha": "2026-06-11",
    "hora": "14:00:00",
    "estado": "NS",
    "goles_local": null,
    "goles_visitante": null,
    "fecha_actualizacion": "2026-04-08T00:04:53.885Z",
    "canales_bolaloca": ""
  }
},
{
  "model": "canales.partido",
  "pk": 666,
  "fields": {
    "api_id": 537328,
    "liga_nombre": "FIFA World Cup",
    "liga_logo": "https://crests.football-data.org/wm26.png",
    "liga_api_id": 2000,
    "equipo_local": "South Korea",
    "equipo_local_logo": "https://crests.football-data.org/772.png",
    "equipo_visitante": "Czechia",
    "equipo_visitante_logo": "https://crests.football-data.org/798.svg",
    "fecha": "2026-06-11",
    "hora": "21:00:00",
    "estado": "NS",
    "goles_local": null,
    "goles_visitante": null,
    "fecha_actualizacion": "2026-04-08T00:04:53.899Z",
    "canales_bolaloca": ""
  }
},
{
  "model": "canales.partido",
  "pk": 667,
  "fields": {
    "api_id": 537333,
    "liga_nombre": "FIFA World Cup",
    "liga_logo": "https://crests.football-data.org/wm26.png",
    "liga_api_id": 2000,
    "equipo_local": "Canada",
    "equipo_local_logo": "https://crests.football-data.org/canada.svg",
    "equipo_visitante": "Bosnia-Herzegovina",
    "equipo_visitante_logo": "https://crests.football-data.org/bosnia.svg",
    "fecha": "2026-06-12",
    "hora": "14:00:00",
    "estado": "NS",
    "goles_local": null,
    "goles_visitante": null,
    "fecha_actualizacion": "2026-04-08T00:04:53.910Z",
    "canales_bolaloca": ""
  }
},
{
  "model": "canales.partido",
  "pk": 668,
  "fields": {
    "api_id": 537345,
    "liga_nombre": "FIFA World Cup",
    "liga_logo": "https://crests.football-data.org/wm26.png",
    "liga_api_id": 2000,
    "equipo_local": "United States",
    "equipo_local_logo": "https://crests.football-data.org/usa.svg",
    "equipo_visitante": "Paraguay",
    "equipo_visitante_logo": "https://crests.football-data.org/761.svg",
    "fecha": "2026-06-12",
    "hora": "20:00:00",
    "estado": "NS",
    "goles_local": null,
    "goles_visitante": null,
    "fecha_actualizacion": "2026-04-08T00:04:53.917Z",
    "canales_bolaloca": ""
  }
},
{
  "model": "canales.partido",
  "pk": 669,
  "fields": {
    "api_id": 537346,
    "liga_nombre": "FIFA World Cup",
    "liga_logo": "https://crests.football-data.org/wm26.png",
    "liga_api_id": 2000,
    "equipo_local": "Australia",
    "equipo_local_logo": "https://crests.football-data.org/779.svg",
    "equipo_visitante": "Turkey",
    "equipo_visitante_logo": "https://crests.football-data.org/803.svg",
    "fecha": "2026-06-13",
    "hora": "23:00:00",
    "estado": "NS",
    "goles_local": null,
    "goles_visitante": null,
    "fecha_actualizacion": "2026-04-08T00:04:53.947Z",
    "canales_bolaloca": ""
  }
},
{
  "model": "canales.partido",
  "pk": 670,
  "fields": {
    "api_id": 537334,
    "liga_nombre": "FIFA World Cup",
    "liga_logo": "https://crests.football-data.org/wm26.png",
    "liga_api_id": 2000,
    "equipo_local": "Qatar",
    "equipo_local_logo": "https://crests.football-data.org/8030.svg",
    "equipo_visitante": "Switzerland",
    "equipo_visitante_logo": "https://crests.football-data.org/788.svg",
    "fecha": "2026-06-13",
    "hora": "14:00:00",
    "estado": "NS",
    "goles_local": null,
    "goles_visitante": null,
    "fecha_actualizacion": "2026-04-08T00:04:53.924Z",
    "canales_bolaloca": ""
  }
},
{
  "model": "canales.partido",
  "pk": 671,
  "fields": {
    "api_id": 537339,
    "liga_nombre": "FIFA World Cup",
    "liga_logo": "https://crests.football-data.org/wm26.png",
    "liga_api_id": 2000,
    "equipo_local": "Brazil",
    "equipo_local_logo": "https://crests.football-data.org/764.svg",
    "equipo_visitante": "Morocco",
    "equipo_visitante_logo": "https://crests.football-data.org/morocco.svg",
    "fecha": "2026-06-13",
    "hora": "17:00:00",
    "estado": "NS",
    "goles_local": null,
    "goles_visitante": null,
    "fecha_actualizacion": "2026-04-08T00:04:53.932Z",
    "canales_bolaloca": ""
  }
},
{
  "model": "canales.partido",
  "pk": 672,
  "fields": {
    "api_id": 537340,
    "liga_nombre": "FIFA World Cup",
    "liga_logo": "https://crests.football-data.org/wm26.png",
    "liga_api_id": 2000,
    "equipo_local": "Haiti",
    "equipo_local_logo": "https://crests.football-data.org/haiti.svg",
    "equipo_visitante": "Scotland",
    "equipo_visitante_logo": "https://crests.football-data.org/814.svg",
    "fecha": "2026-06-13",
    "hora": "20:00:00",
    "estado": "NS",
    "goles_local": null,
    "goles_visitante": null,
    "fecha_actualizacion": "2026-04-08T00:04:53.940Z",
    "canales_bolaloca": ""
  }
},
{
  "model": "canales.partido",
  "pk": 673,
  "fields": {
    "api_id": 537351,
    "liga_nombre": "FIFA World Cup",
    "liga_logo": "https://crests.football-data.org/wm26.png",
    "liga_api_id": 2000,
    "equipo_local": "Germany",
    "equipo_local_logo": "https://crests.football-data.org/759.svg",
    "equipo_visitante": "Curaçao",
    "equipo_visitante_logo": "https://crests.football-data.org/curacao.svg",
    "fecha": "2026-06-14",
    "hora": "12:00:00",
    "estado": "NS",
    "goles_local": null,
    "goles_visitante": null,
    "fecha_actualizacion": "2026-04-08T00:04:53.955Z",
    "canales_bolaloca": ""
  }
},
{
  "model": "canales.partido",
  "pk": 674,
  "fields": {
    "api_id": 537357,
    "liga_nombre": "FIFA World Cup",
    "liga_logo": "https://crests.football-data.org/wm26.png",
    "liga_api_id": 2000,
    "equipo_local": "Netherlands",
    "equipo_local_logo": "https://crests.football-data.org/8601.svg",
    "equipo_visitante": "Japan",
    "equipo_visitante_logo": "https://crests.football-data.org/766.svg",
    "fecha": "2026-06-14",
    "hora": "15:00:00",
    "estado": "NS",
    "goles_local": null,
    "goles_visitante": null,
    "fecha_actualizacion": "2026-04-08T00:04:53.963Z",
    "canales_bolaloca": ""
  }
},
{
  "model": "canales.partido",
  "pk": 675,
  "fields": {
    "api_id": 537352,
    "liga_nombre": "FIFA World Cup",
    "liga_logo": "https://crests.football-data.org/wm26.png",
    "liga_api_id": 2000,
    "equipo_local": "Ivory Coast",
    "equipo_local_logo": "https://crests.football-data.org/787.svg",
    "equipo_visitante": "Ecuador",
    "equipo_visitante_logo": "https://crests.football-data.org/791.svg",
    "fecha": "2026-06-14",
    "hora": "18:00:00",
    "estado": "NS",
    "goles_local": null,
    "goles_visitante": null,
    "fecha_actualizacion": "2026-04-08T00:04:53.969Z",
    "canales_bolaloca": ""
  }
},
{
  "model": "canales.partido",
  "pk": 676,
  "fields": {
    "api_id": 537358,
    "liga_nombre": "FIFA World Cup",
    "liga_logo": "https://crests.football-data.org/wm26.png",
    "liga_api_id": 2000,
    "equipo_local": "Sweden",
    "equipo_local_logo": "https://crests.football-data.org/792.svg",
    "equipo_visitante": "Tunisia",
    "equipo_visitante_logo": "https://crests.football-data.org/tunisia.svg",
    "fecha": "2026-06-14",
    "hora": "21:00:00",
    "estado": "NS",
    "goles_local": null,
    "goles_visitante": null,
    "fecha_actualizacion": "2026-04-08T00:04:53.978Z",
    "canales_bolaloca": ""
  }
},
{
  "model": "canales.partido",
  "pk": 677,
  "fields": {
    "api_id": 537369,
    "liga_nombre": "FIFA World Cup",
    "liga_logo": "https://crests.football-data.org/wm26.png",
    "liga_api_id": 2000,
    "equipo_local": "Spain",
    "equipo_local_logo": "https://crests.football-data.org/760.svg",
    "equipo_visitante": "Cape Verde Islands",
    "equipo_visitante_logo": "https://crests.football-data.org/cape_verde.svg",
    "fecha": "2026-06-15",
    "hora": "11:00:00",
    "estado": "NS",
    "goles_local": null,
    "goles_visitante": null,
    "fecha_actualizacion": "2026-04-08T00:04:53.985Z",
    "canales_bolaloca": ""
  }
},
{
  "model": "canales.partido",
  "pk": 678,
  "fields": {
    "api_id": 537363,
    "liga_nombre": "FIFA World Cup",
    "liga_logo": "https://crests.football-data.org/wm26.png",
    "liga_api_id": 2000,
    "equipo_local": "Belgium",
    "equipo_local_logo": "https://crests.football-data.org/805.svg",
    "equipo_visitante": "Egypt",
    "equipo_visitante_logo": "https://crests.football-data.org/825.svg",
    "fecha": "2026-06-15",
    "hora": "14:00:00",
    "estado": "NS",
    "goles_local": null,
    "goles_visitante": null,
    "fecha_actualizacion": "2026-04-08T00:04:53.993Z",
    "canales_bolaloca": ""
  }
},
{
  "model": "canales.partido",
  "pk": 679,
  "fields": {
    "api_id": 537370,
    "liga_nombre": "FIFA World Cup",
    "liga_logo": "https://crests.football-data.org/wm26.png",
    "liga_api_id": 2000,
    "equipo_local": "Saudi Arabia",
    "equipo_local_logo": "https://crests.football-data.org/saudi_arabia.svg",
    "equipo_visitante": "Uruguay",
    "equipo_visitante_logo": "https://crests.football-data.org/758.svg",
    "fecha": "2026-06-15",
    "hora": "17:00:00",
    "estado": "NS",
    "goles_local": null,
    "goles_visitante": null,
    "fecha_actualizacion": "2026-04-08T00:04:54.000Z",
    "canales_bolaloca": ""
  }
},
{
  "model": "canales.partido",
  "pk": 680,
  "fields": {
    "api_id": 537364,
    "liga_nombre": "FIFA World Cup",
    "liga_logo": "https://crests.football-data.org/wm26.png",
    "liga_api_id": 2000,
    "equipo_local": "Iran",
    "equipo_local_logo": "https://crests.football-data.org/iran.svg",
    "equipo_visitante": "New Zealand",
    "equipo_visitante_logo": "https://crests.football-data.org/783.svg",
    "fecha": "2026-06-15",
    "hora": "20:00:00",
    "estado": "NS",
    "goles_local": null,
    "goles_visitante": null,
    "fecha_actualizacion": "2026-04-08T00:04:54.007Z",
    "canales_bolaloca": ""
  }
},
{
  "model": "canales.partido",
  "pk": 681,
  "fields": {
    "api_id": 537391,
    "liga_nombre": "FIFA World Cup",
    "liga_logo": "https://crests.football-data.org/wm26.png",
    "liga_api_id": 2000,
    "equipo_local": "France",
    "equipo_local_logo": "https://crests.football-data.org/773.svg",
    "equipo_visitante": "Senegal",
    "equipo_visitante_logo": "https://crests.football-data.org/senegal.svg",
    "fecha": "2026-06-16",
    "hora": "14:00:00",
    "estado": "NS",
    "goles_local": null,
    "goles_visitante": null,
    "fecha_actualizacion": "2026-04-08T00:04:54.014Z",
    "canales_bolaloca": ""
  }
},
{
  "model": "canales.partido",
  "pk": 682,
  "fields": {
    "api_id": 537392,
    "liga_nombre": "FIFA World Cup",
    "liga_logo": "https://crests.football-data.org/wm26.png",
    "liga_api_id": 2000,
    "equipo_local": "Iraq",
    "equipo_local_logo": "https://crests.football-data.org/iraq.svg",
    "equipo_visitante": "Norway",
    "equipo_visitante_logo": "https://crests.football-data.org/813.svg",
    "fecha": "2026-06-16",
    "hora": "17:00:00",
    "estado": "NS",
    "goles_local": null,
    "goles_visitante": null,
    "fecha_actualizacion": "2026-04-08T00:04:54.020Z",
    "canales_bolaloca": ""
  }
},
{
  "model": "canales.partido",
  "pk": 683,
  "fields": {
    "api_id": 537397,
    "liga_nombre": "FIFA World Cup",
    "liga_logo": "https://crests.football-data.org/wm26.png",
    "liga_api_id": 2000,
    "equipo_local": "Argentina",
    "equipo_local_logo": "https://crests.football-data.org/762.png",
    "equipo_visitante": "Algeria",
    "equipo_visitante_logo": "https://crests.football-data.org/algeria.svg",
    "fecha": "2026-06-16",
    "hora": "20:00:00",
    "estado": "NS",
    "goles_local": null,
    "goles_visitante": null,
    "fecha_actualizacion": "2026-04-08T00:04:54.028Z",
    "canales_bolaloca": ""
  }
},
{
  "model": "canales.partido",
  "pk": 684,
  "fields": {
    "api_id": 537398,
    "liga_nombre": "FIFA World Cup",
    "liga_logo": "https://crests.football-data.org/wm26.png",
    "liga_api_id": 2000,
    "equipo_local": "Austria",
    "equipo_local_logo": "https://crests.football-data.org/816.svg",
    "equipo_visitante": "Jordan",
    "equipo_visitante_logo": "https://crests.football-data.org/8049.png",
    "fecha": "2026-06-16",
    "hora": "23:00:00",
    "estado": "NS",
    "goles_local": null,
    "goles_visitante": null,
    "fecha_actualizacion": "2026-04-08T00:04:54.035Z",
    "canales_bolaloca": ""
  }
},
{
  "model": "canales.partido",
  "pk": 685,
  "fields": {
    "api_id": 537403,
    "liga_nombre": "FIFA World Cup",
    "liga_logo": "https://crests.football-data.org/wm26.png",
    "liga_api_id": 2000,
    "equipo_local": "Portugal",
    "equipo_local_logo": "https://crests.football-data.org/765.svg",
    "equipo_visitante": "Congo DR",
    "equipo_visitante_logo": "https://crests.football-data.org/congo_dr.svg",
    "fecha": "2026-06-17",
    "hora": "12:00:00",
    "estado": "NS",
    "goles_local": null,
    "goles_visitante": null,
    "fecha_actualizacion": "2026-04-08T00:04:54.041Z",
    "canales_bolaloca": ""
  }
},
{
  "model": "canales.partido",
  "pk": 686,
  "fields": {
    "api_id": 537409,
    "liga_nombre": "FIFA World Cup",
    "liga_logo": "https://crests.football-data.org/wm26.png",
    "liga_api_id": 2000,
    "equipo_local": "England",
    "equipo_local_logo": "https://crests.football-data.org/770.svg",
    "equipo_visitante": "Croatia",
    "equipo_visitante_logo": "https://crests.football-data.org/799.svg",
    "fecha": "2026-06-17",
    "hora": "15:00:00",
    "estado": "NS",
    "goles_local": null,
    "goles_visitante": null,
    "fecha_actualizacion": "2026-04-08T00:04:54.049Z",
    "canales_bolaloca": ""
  }
},
{
  "model": "canales.partido",
  "pk": 687,
  "fields": {
    "api_id": 537410,
    "liga_nombre": "FIFA World Cup",
    "liga_logo": "https://crests.football-data.org/wm26.png",
    "liga_api_id": 2000,
    "equipo_local": "Ghana",
    "equipo_local_logo": "https://crests.football-data.org/ghana.svg",
    "equipo_visitante": "Panama",
    "equipo_visitante_logo": "https://crests.football-data.org/panama.svg",
    "fecha": "2026-06-17",
    "hora": "18:00:00",
    "estado": "NS",
    "goles_local": null,
    "goles_visitante": null,
    "fecha_actualizacion": "2026-04-08T00:04:54.054Z",
    "canales_bolaloca": ""
  }
},
{
  "model": "canales.partido",
  "pk": 688,
  "fields": {
    "api_id": 537404,
    "liga_nombre": "FIFA World Cup",
    "liga_logo": "https://crests.football-data.org/wm26.png",
    "liga_api_id": 2000,
    "equipo_local": "Uzbekistan",
    "equipo_local_logo": "https://crests.football-data.org/8070.png",
    "equipo_visitante": "Colombia",
    "equipo_visitante_logo": "https://crests.football-data.org/818.svg",
    "fecha": "2026-06-17",
    "hora": "21:00:00",
    "estado": "NS",
    "goles_local": null,
    "goles_visitante": null,
    "fecha_actualizacion": "2026-04-08T00:04:54.063Z",
    "canales_bolaloca": ""
  }
},
{
  "model": "canales.partido",
  "pk": 689,
  "fields": {
    "api_id": 537329,
    "liga_nombre": "FIFA World Cup",
    "liga_logo": "https://crests.football-data.org/wm26.png",
    "liga_api_id": 2000,
    "equipo_local": "Czechia",
    "equipo_local_logo": "https://crests.football-data.org/798.svg",
    "equipo_visitante": "South Africa",
    "equipo_visitante_logo": "https://crests.football-data.org/9396.svg",
    "fecha": "2026-06-18",
    "hora": "11:00:00",
    "estado": "NS",
    "goles_local": null,
    "goles_visitante": null,
    "fecha_actualizacion": "2026-04-08T00:04:54.067Z",
    "canales_bolaloca": ""
  }
},
{
  "model": "canales.partido",
  "pk": 690,
  "fields": {
    "api_id": 537335,
    "liga_nombre": "FIFA World Cup",
    "liga_logo": "https://crests.football-data.org/wm26.png",
    "liga_api_id": 2000,
    "equipo_local": "Switzerland",
    "equipo_local_logo": "https://crests.football-data.org/788.svg",
    "equipo_visitante": "Bosnia-Herzegovina",
    "equipo_visitante_logo": "https://crests.football-data.org/bosnia.svg",
    "fecha": "2026-06-18",
    "hora": "14:00:00",
    "estado": "NS",
    "goles_local": null,
    "goles_visitante": null,
    "fecha_actualizacion": "2026-04-08T00:04:54.075Z",
    "canales_bolaloca": ""
  }
},
{
  "model": "canales.partido",
  "pk": 691,
  "fields": {
    "api_id": 537336,
    "liga_nombre": "FIFA World Cup",
    "liga_logo": "https://crests.football-data.org/wm26.png",
    "liga_api_id": 2000,
    "equipo_local": "Canada",
    "equipo_local_logo": "https://crests.football-data.org/canada.svg",
    "equipo_visitante": "Qatar",
    "equipo_visitante_logo": "https://crests.football-data.org/8030.svg",
    "fecha": "2026-06-18",
    "hora": "17:00:00",
    "estado": "NS",
    "goles_local": null,
    "goles_visitante": null,
    "fecha_actualizacion": "2026-04-08T00:04:54.083Z",
    "canales_bolaloca": ""
  }
},
{
  "model": "canales.partido",
  "pk": 692,
  "fields": {
    "api_id": 537330,
    "liga_nombre": "FIFA World Cup",
    "liga_logo": "https://crests.football-data.org/wm26.png",
    "liga_api_id": 2000,
    "equipo_local": "Mexico",
    "equipo_local_logo": "https://crests.football-data.org/769.svg",
    "equipo_visitante": "South Korea",
    "equipo_visitante_logo": "https://crests.football-data.org/772.png",
    "fecha": "2026-06-18",
    "hora": "20:00:00",
    "estado": "NS",
    "goles_local": null,
    "goles_visitante": null,
    "fecha_actualizacion": "2026-04-08T00:04:54.089Z",
    "canales_bolaloca": ""
  }
},
{
  "model": "canales.partido",
  "pk": 693,
  "fields": {
    "api_id": 537347,
    "liga_nombre": "FIFA World Cup",
    "liga_logo": "https://crests.football-data.org/wm26.png",
    "liga_api_id": 2000,
    "equipo_local": "Turkey",
    "equipo_local_logo": "https://crests.football-data.org/803.svg",
    "equipo_visitante": "Paraguay",
    "equipo_visitante_logo": "https://crests.football-data.org/761.svg",
    "fecha": "2026-06-19",
    "hora": "22:00:00",
    "estado": "NS",
    "goles_local": null,
    "goles_visitante": null,
    "fecha_actualizacion": "2026-04-08T00:04:54.116Z",
    "canales_bolaloca": ""
  }
},
{
  "model": "canales.partido",
  "pk": 694,
  "fields": {
    "api_id": 537348,
    "liga_nombre": "FIFA World Cup",
    "liga_logo": "https://crests.football-data.org/wm26.png",
    "liga_api_id": 2000,
    "equipo_local": "United States",
    "equipo_local_logo": "https://crests.football-data.org/usa.svg",
    "equipo_visitante": "Australia",
    "equipo_visitante_logo": "https://crests.football-data.org/779.svg",
    "fecha": "2026-06-19",
    "hora": "14:00:00",
    "estado": "NS",
    "goles_local": null,
    "goles_visitante": null,
    "fecha_actualizacion": "2026-04-08T00:04:54.097Z",
    "canales_bolaloca": ""
  }
},
{
  "model": "canales.partido",
  "pk": 695,
  "fields": {
    "api_id": 537342,
    "liga_nombre": "FIFA World Cup",
    "liga_logo": "https://crests.football-data.org/wm26.png",
    "liga_api_id": 2000,
    "equipo_local": "Scotland",
    "equipo_local_logo": "https://crests.football-data.org/814.svg",
    "equipo_visitante": "Morocco",
    "equipo_visitante_logo": "https://crests.football-data.org/morocco.svg",
    "fecha": "2026-06-19",
    "hora": "17:00:00",
    "estado": "NS",
    "goles_local": null,
    "goles_visitante": null,
    "fecha_actualizacion": "2026-04-08T00:04:54.105Z",
    "canales_bolaloca": ""
  }
},
{
  "model": "canales.partido",
  "pk": 696,
  "fields": {
    "api_id": 537341,
    "liga_nombre": "FIFA World Cup",
    "liga_logo": "https://crests.football-data.org/wm26.png",
    "liga_api_id": 2000,
    "equipo_local": "Brazil",
    "equipo_local_logo": "https://crests.football-data.org/764.svg",
    "equipo_visitante": "Haiti",
    "equipo_visitante_logo": "https://crests.football-data.org/haiti.svg",
    "fecha": "2026-06-19",
    "hora": "19:30:00",
    "estado": "NS",
    "goles_local": null,
    "goles_visitante": null,
    "fecha_actualizacion": "2026-04-08T00:04:54.110Z",
    "canales_bolaloca": ""
  }
},
{
  "model": "canales.partido",
  "pk": 697,
  "fields": {
    "api_id": 537360,
    "liga_nombre": "FIFA World Cup",
    "liga_logo": "https://crests.football-data.org/wm26.png",
    "liga_api_id": 2000,
    "equipo_local": "Tunisia",
    "equipo_local_logo": "https://crests.football-data.org/tunisia.svg",
    "equipo_visitante": "Japan",
    "equipo_visitante_logo": "https://crests.football-data.org/766.svg",
    "fecha": "2026-06-20",
    "hora": "23:00:00",
    "estado": "NS",
    "goles_local": null,
    "goles_visitante": null,
    "fecha_actualizacion": "2026-04-08T00:04:54.142Z",
    "canales_bolaloca": ""
  }
},
{
  "model": "canales.partido",
  "pk": 698,
  "fields": {
    "api_id": 537359,
    "liga_nombre": "FIFA World Cup",
    "liga_logo": "https://crests.football-data.org/wm26.png",
    "liga_api_id": 2000,
    "equipo_local": "Netherlands",
    "equipo_local_logo": "https://crests.football-data.org/8601.svg",
    "equipo_visitante": "Sweden",
    "equipo_visitante_logo": "https://crests.football-data.org/792.svg",
    "fecha": "2026-06-20",
    "hora": "12:00:00",
    "estado": "NS",
    "goles_local": null,
    "goles_visitante": null,
    "fecha_actualizacion": "2026-04-08T00:04:54.124Z",
    "canales_bolaloca": ""
  }
},
{
  "model": "canales.partido",
  "pk": 699,
  "fields": {
    "api_id": 537353,
    "liga_nombre": "FIFA World Cup",
    "liga_logo": "https://crests.football-data.org/wm26.png",
    "liga_api_id": 2000,
    "equipo_local": "Germany",
    "equipo_local_logo": "https://crests.football-data.org/759.svg",
    "equipo_visitante": "Ivory Coast",
    "equipo_visitante_logo": "https://crests.football-data.org/787.svg",
    "fecha": "2026-06-20",
    "hora": "15:00:00",
    "estado": "NS",
    "goles_local": null,
    "goles_visitante": null,
    "fecha_actualizacion": "2026-04-08T00:04:54.129Z",
    "canales_bolaloca": ""
  }
},
{
  "model": "canales.partido",
  "pk": 700,
  "fields": {
    "api_id": 537354,
    "liga_nombre": "FIFA World Cup",
    "liga_logo": "https://crests.football-data.org/wm26.png",
    "liga_api_id": 2000,
    "equipo_local": "Ecuador",
    "equipo_local_logo": "https://crests.football-data.org/791.svg",
    "equipo_visitante": "Curaçao",
    "equipo_visitante_logo": "https://crests.football-data.org/curacao.svg",
    "fecha": "2026-06-20",
    "hora": "19:00:00",
    "estado": "NS",
    "goles_local": null,
    "goles_visitante": null,
    "fecha_actualizacion": "2026-04-08T00:04:54.136Z",
    "canales_bolaloca": ""
  }
},
{
  "model": "canales.partido",
  "pk": 701,
  "fields": {
    "api_id": 537371,
    "liga_nombre": "FIFA World Cup",
    "liga_logo": "https://crests.football-data.org/wm26.png",
    "liga_api_id": 2000,
    "equipo_local": "Spain",
    "equipo_local_logo": "https://crests.football-data.org/760.svg",
    "equipo_visitante": "Saudi Arabia",
    "equipo_visitante_logo": "https://crests.football-data.org/saudi_arabia.svg",
    "fecha": "2026-06-21",
    "hora": "11:00:00",
    "estado": "NS",
    "goles_local": null,
    "goles_visitante": null,
    "fecha_actualizacion": "2026-04-08T00:04:54.150Z",
    "canales_bolaloca": ""
  }
},
{
  "model": "canales.partido",
  "pk": 702,
  "fields": {
    "api_id": 537365,
    "liga_nombre": "FIFA World Cup",
    "liga_logo": "https://crests.football-data.org/wm26.png",
    "liga_api_id": 2000,
    "equipo_local": "Belgium",
    "equipo_local_logo": "https://crests.football-data.org/805.svg",
    "equipo_visitante": "Iran",
    "equipo_visitante_logo": "https://crests.football-data.org/iran.svg",
    "fecha": "2026-06-21",
    "hora": "14:00:00",
    "estado": "NS",
    "goles_local": null,
    "goles_visitante": null,
    "fecha_actualizacion": "2026-04-08T00:04:54.155Z",
    "canales_bolaloca": ""
  }
},
{
  "model": "canales.partido",
  "pk": 703,
  "fields": {
    "api_id": 537372,
    "liga_nombre": "FIFA World Cup",
    "liga_logo": "https://crests.football-data.org/wm26.png",
    "liga_api_id": 2000,
    "equipo_local": "Uruguay",
    "equipo_local_logo": "https://crests.football-data.org/758.svg",
    "equipo_visitante": "Cape Verde Islands",
    "equipo_visitante_logo": "https://crests.football-data.org/cape_verde.svg",
    "fecha": "2026-06-21",
    "hora": "17:00:00",
    "estado": "NS",
    "goles_local": null,
    "goles_visitante": null,
    "fecha_actualizacion": "2026-04-08T00:04:54.163Z",
    "canales_bolaloca": ""
  }
},
{
  "model": "canales.partido",
  "pk": 704,
  "fields": {
    "api_id": 537366,
    "liga_nombre": "FIFA World Cup",
    "liga_logo": "https://crests.football-data.org/wm26.png",
    "liga_api_id": 2000,
    "equipo_local": "New Zealand",
    "equipo_local_logo": "https://crests.football-data.org/783.svg",
    "equipo_visitante": "Egypt",
    "equipo_visitante_logo": "https://crests.football-data.org/825.svg",
    "fecha": "2026-06-21",
    "hora": "20:00:00",
    "estado": "NS",
    "goles_local": null,
    "goles_visitante": null,
    "fecha_actualizacion": "2026-04-08T00:04:54.168Z",
    "canales_bolaloca": ""
  }
},
{
  "model": "canales.partido",
  "pk": 705,
  "fields": {
    "api_id": 537399,
    "liga_nombre": "FIFA World Cup",
    "liga_logo": "https://crests.football-data.org/wm26.png",
    "liga_api_id": 2000,
    "equipo_local": "Argentina",
    "equipo_local_logo": "https://crests.football-data.org/762.png",
    "equipo_visitante": "Austria",
    "equipo_visitante_logo": "https://crests.football-data.org/816.svg",
    "fecha": "2026-06-22",
    "hora": "12:00:00",
    "estado": "NS",
    "goles_local": null,
    "goles_visitante": null,
    "fecha_actualizacion": "2026-04-08T00:04:54.175Z",
    "canales_bolaloca": ""
  }
},
{
  "model": "canales.partido",
  "pk": 706,
  "fields": {
    "api_id": 537393,
    "liga_nombre": "FIFA World Cup",
    "liga_logo": "https://crests.football-data.org/wm26.png",
    "liga_api_id": 2000,
    "equipo_local": "France",
    "equipo_local_logo": "https://crests.football-data.org/773.svg",
    "equipo_visitante": "Iraq",
    "equipo_visitante_logo": "https://crests.football-data.org/iraq.svg",
    "fecha": "2026-06-22",
    "hora": "16:00:00",
    "estado": "NS",
    "goles_local": null,
    "goles_visitante": null,
    "fecha_actualizacion": "2026-04-08T00:04:54.181Z",
    "canales_bolaloca": ""
  }
},
{
  "model": "canales.partido",
  "pk": 707,
  "fields": {
    "api_id": 537394,
    "liga_nombre": "FIFA World Cup",
    "liga_logo": "https://crests.football-data.org/wm26.png",
    "liga_api_id": 2000,
    "equipo_local": "Norway",
    "equipo_local_logo": "https://crests.football-data.org/813.svg",
    "equipo_visitante": "Senegal",
    "equipo_visitante_logo": "https://crests.football-data.org/senegal.svg",
    "fecha": "2026-06-22",
    "hora": "19:00:00",
    "estado": "NS",
    "goles_local": null,
    "goles_visitante": null,
    "fecha_actualizacion": "2026-04-08T00:04:54.188Z",
    "canales_bolaloca": ""
  }
},
{
  "model": "canales.partido",
  "pk": 708,
  "fields": {
    "api_id": 537400,
    "liga_nombre": "FIFA World Cup",
    "liga_logo": "https://crests.football-data.org/wm26.png",
    "liga_api_id": 2000,
    "equipo_local": "Jordan",
    "equipo_local_logo": "https://crests.football-data.org/8049.png",
    "equipo_visitante": "Algeria",
    "equipo_visitante_logo": "https://crests.football-data.org/algeria.svg",
    "fecha": "2026-06-22",
    "hora": "22:00:00",
    "estado": "NS",
    "goles_local": null,
    "goles_visitante": null,
    "fecha_actualizacion": "2026-04-08T00:04:54.196Z",
    "canales_bolaloca": ""
  }
},
{
  "model": "canales.partido",
  "pk": 709,
  "fields": {
    "api_id": 537405,
    "liga_nombre": "FIFA World Cup",
    "liga_logo": "https://crests.football-data.org/wm26.png",
    "liga_api_id": 2000,
    "equipo_local": "Portugal",
    "equipo_local_logo": "https://crests.football-data.org/765.svg",
    "equipo_visitante": "Uzbekistan",
    "equipo_visitante_logo": "https://crests.football-data.org/8070.png",
    "fecha": "2026-06-23",
    "hora": "12:00:00",
    "estado": "NS",
    "goles_local": null,
    "goles_visitante": null,
    "fecha_actualizacion": "2026-04-08T00:04:54.204Z",
    "canales_bolaloca": ""
  }
},
{
  "model": "canales.partido",
  "pk": 710,
  "fields": {
    "api_id": 537411,
    "liga_nombre": "FIFA World Cup",
    "liga_logo": "https://crests.football-data.org/wm26.png",
    "liga_api_id": 2000,
    "equipo_local": "England",
    "equipo_local_logo": "https://crests.football-data.org/770.svg",
    "equipo_visitante": "Ghana",
    "equipo_visitante_logo": "https://crests.football-data.org/ghana.svg",
    "fecha": "2026-06-23",
    "hora": "15:00:00",
    "estado": "NS",
    "goles_local": null,
    "goles_visitante": null,
    "fecha_actualizacion": "2026-04-08T00:04:54.210Z",
    "canales_bolaloca": ""
  }
},
{
  "model": "canales.partido",
  "pk": 711,
  "fields": {
    "api_id": 537412,
    "liga_nombre": "FIFA World Cup",
    "liga_logo": "https://crests.football-data.org/wm26.png",
    "liga_api_id": 2000,
    "equipo_local": "Panama",
    "equipo_local_logo": "https://crests.football-data.org/panama.svg",
    "equipo_visitante": "Croatia",
    "equipo_visitante_logo": "https://crests.football-data.org/799.svg",
    "fecha": "2026-06-23",
    "hora": "18:00:00",
    "estado": "NS",
    "goles_local": null,
    "goles_visitante": null,
    "fecha_actualizacion": "2026-04-08T00:04:54.218Z",
    "canales_bolaloca": ""
  }
},
{
  "model": "canales.partido",
  "pk": 712,
  "fields": {
    "api_id": 537406,
    "liga_nombre": "FIFA World Cup",
    "liga_logo": "https://crests.football-data.org/wm26.png",
    "liga_api_id": 2000,
    "equipo_local": "Colombia",
    "equipo_local_logo": "https://crests.football-data.org/818.svg",
    "equipo_visitante": "Congo DR",
    "equipo_visitante_logo": "https://crests.football-data.org/congo_dr.svg",
    "fecha": "2026-06-23",
    "hora": "21:00:00",
    "estado": "NS",
    "goles_local": null,
    "goles_visitante": null,
    "fecha_actualizacion": "2026-04-08T00:04:54.225Z",
    "canales_bolaloca": ""
  }
},
{
  "model": "canales.partido",
  "pk": 713,
  "fields": {
    "api_id": 537337,
    "liga_nombre": "FIFA World Cup",
    "liga_logo": "https://crests.football-data.org/wm26.png",
    "liga_api_id": 2000,
    "equipo_local": "Switzerland",
    "equipo_local_logo": "https://crests.football-data.org/788.svg",
    "equipo_visitante": "Canada",
    "equipo_visitante_logo": "https://crests.football-data.org/canada.svg",
    "fecha": "2026-06-24",
    "hora": "14:00:00",
    "estado": "NS",
    "goles_local": null,
    "goles_visitante": null,
    "fecha_actualizacion": "2026-04-08T00:04:54.233Z",
    "canales_bolaloca": ""
  }
},
{
  "model": "canales.partido",
  "pk": 714,
  "fields": {
    "api_id": 537338,
    "liga_nombre": "FIFA World Cup",
    "liga_logo": "https://crests.football-data.org/wm26.png",
    "liga_api_id": 2000,
    "equipo_local": "Bosnia-Herzegovina",
    "equipo_local_logo": "https://crests.football-data.org/bosnia.svg",
    "equipo_visitante": "Qatar",
    "equipo_visitante_logo": "https://crests.football-data.org/8030.svg",
    "fecha": "2026-06-24",
    "hora": "14:00:00",
    "estado": "NS",
    "goles_local": null,
    "goles_visitante": null,
    "fecha_actualizacion": "2026-04-08T00:04:54.241Z",
    "canales_bolaloca": ""
  }
},
{
  "model": "canales.partido",
  "pk": 715,
  "fields": {
    "api_id": 537344,
    "liga_nombre": "FIFA World Cup",
    "liga_logo": "https://crests.football-data.org/wm26.png",
    "liga_api_id": 2000,
    "equipo_local": "Morocco",
    "equipo_local_logo": "https://crests.football-data.org/morocco.svg",
    "equipo_visitante": "Haiti",
    "equipo_visitante_logo": "https://crests.football-data.org/haiti.svg",
    "fecha": "2026-06-24",
    "hora": "17:00:00",
    "estado": "NS",
    "goles_local": null,
    "goles_visitante": null,
    "fecha_actualizacion": "2026-04-08T00:04:54.248Z",
    "canales_bolaloca": ""
  }
},
{
  "model": "canales.partido",
  "pk": 716,
  "fields": {
    "api_id": 537343,
    "liga_nombre": "FIFA World Cup",
    "liga_logo": "https://crests.football-data.org/wm26.png",
    "liga_api_id": 2000,
    "equipo_local": "Scotland",
    "equipo_local_logo": "https://crests.football-data.org/814.svg",
    "equipo_visitante": "Brazil",
    "equipo_visitante_logo": "https://crests.football-data.org/764.svg",
    "fecha": "2026-06-24",
    "hora": "17:00:00",
    "estado": "NS",
    "goles_local": null,
    "goles_visitante": null,
    "fecha_actualizacion": "2026-04-08T00:04:54.255Z",
    "canales_bolaloca": ""
  }
},
{
  "model": "canales.partido",
  "pk": 717,
  "fields": {
    "api_id": 537331,
    "liga_nombre": "FIFA World Cup",
    "liga_logo": "https://crests.football-data.org/wm26.png",
    "liga_api_id": 2000,
    "equipo_local": "Czechia",
    "equipo_local_logo": "https://crests.football-data.org/798.svg",
    "equipo_visitante": "Mexico",
    "equipo_visitante_logo": "https://crests.football-data.org/769.svg",
    "fecha": "2026-06-24",
    "hora": "20:00:00",
    "estado": "NS",
    "goles_local": null,
    "goles_visitante": null,
    "fecha_actualizacion": "2026-04-08T00:04:54.263Z",
    "canales_bolaloca": ""
  }
},
{
  "model": "canales.partido",
  "pk": 718,
  "fields": {
    "api_id": 537332,
    "liga_nombre": "FIFA World Cup",
    "liga_logo": "https://crests.football-data.org/wm26.png",
    "liga_api_id": 2000,
    "equipo_local": "South Africa",
    "equipo_local_logo": "https://crests.football-data.org/9396.svg",
    "equipo_visitante": "South Korea",
    "equipo_visitante_logo": "https://crests.football-data.org/772.png",
    "fecha": "2026-06-24",
    "hora": "20:00:00",
    "estado": "NS",
    "goles_local": null,
    "goles_visitante": null,
    "fecha_actualizacion": "2026-04-08T00:04:54.268Z",
    "canales_bolaloca": ""
  }
},
{
  "model": "canales.partido",
  "pk": 719,
  "fields": {
    "api_id": 537355,
    "liga_nombre": "FIFA World Cup",
    "liga_logo": "https://crests.football-data.org/wm26.png",
    "liga_api_id": 2000,
    "equipo_local": "Ecuador",
    "equipo_local_logo": "https://crests.football-data.org/791.svg",
    "equipo_visitante": "Germany",
    "equipo_visitante_logo": "https://crests.football-data.org/759.svg",
    "fecha": "2026-06-25",
    "hora": "15:00:00",
    "estado": "NS",
    "goles_local": null,
    "goles_visitante": null,
    "fecha_actualizacion": "2026-04-08T00:04:54.275Z",
    "canales_bolaloca": ""
  }
},
{
  "model": "canales.partido",
  "pk": 720,
  "fields": {
    "api_id": 537356,
    "liga_nombre": "FIFA World Cup",
    "liga_logo": "https://crests.football-data.org/wm26.png",
    "liga_api_id": 2000,
    "equipo_local": "Curaçao",
    "equipo_local_logo": "https://crests.football-data.org/curacao.svg",
    "equipo_visitante": "Ivory Coast",
    "equipo_visitante_logo": "https://crests.football-data.org/787.svg",
    "fecha": "2026-06-25",
    "hora": "15:00:00",
    "estado": "NS",
    "goles_local": null,
    "goles_visitante": null,
    "fecha_actualizacion": "2026-04-08T00:04:54.283Z",
    "canales_bolaloca": ""
  }
},
{
  "model": "canales.partido",
  "pk": 721,
  "fields": {
    "api_id": 537361,
    "liga_nombre": "FIFA World Cup",
    "liga_logo": "https://crests.football-data.org/wm26.png",
    "liga_api_id": 2000,
    "equipo_local": "Tunisia",
    "equipo_local_logo": "https://crests.football-data.org/tunisia.svg",
    "equipo_visitante": "Netherlands",
    "equipo_visitante_logo": "https://crests.football-data.org/8601.svg",
    "fecha": "2026-06-25",
    "hora": "18:00:00",
    "estado": "NS",
    "goles_local": null,
    "goles_visitante": null,
    "fecha_actualizacion": "2026-04-08T00:04:54.290Z",
    "canales_bolaloca": ""
  }
},
{
  "model": "canales.partido",
  "pk": 722,
  "fields": {
    "api_id": 537362,
    "liga_nombre": "FIFA World Cup",
    "liga_logo": "https://crests.football-data.org/wm26.png",
    "liga_api_id": 2000,
    "equipo_local": "Japan",
    "equipo_local_logo": "https://crests.football-data.org/766.svg",
    "equipo_visitante": "Sweden",
    "equipo_visitante_logo": "https://crests.football-data.org/792.svg",
    "fecha": "2026-06-25",
    "hora": "18:00:00",
    "estado": "NS",
    "goles_local": null,
    "goles_visitante": null,
    "fecha_actualizacion": "2026-04-08T00:04:54.298Z",
    "canales_bolaloca": ""
  }
},
{
  "model": "canales.partido",
  "pk": 723,
  "fields": {
    "api_id": 537349,
    "liga_nombre": "FIFA World Cup",
    "liga_logo": "https://crests.football-data.org/wm26.png",
    "liga_api_id": 2000,
    "equipo_local": "Turkey",
    "equipo_local_logo": "https://crests.football-data.org/803.svg",
    "equipo_visitante": "United States",
    "equipo_visitante_logo": "https://crests.football-data.org/usa.svg",
    "fecha": "2026-06-25",
    "hora": "21:00:00",
    "estado": "NS",
    "goles_local": null,
    "goles_visitante": null,
    "fecha_actualizacion": "2026-04-08T00:04:54.306Z",
    "canales_bolaloca": ""
  }
},
{
  "model": "canales.partido",
  "pk": 724,
  "fields": {
    "api_id": 537350,
    "liga_nombre": "FIFA World Cup",
    "liga_logo": "https://crests.football-data.org/wm26.png",
    "liga_api_id": 2000,
    "equipo_local": "Paraguay",
    "equipo_local_logo": "https://crests.football-data.org/761.svg",
    "equipo_visitante": "Australia",
    "equipo_visitante_logo": "https://crests.football-data.org/779.svg",
    "fecha": "2026-06-25",
    "hora": "21:00:00",
    "estado": "NS",
    "goles_local": null,
    "goles_visitante": null,
    "fecha_actualizacion": "2026-04-08T00:04:54.315Z",
    "canales_bolaloca": ""
  }
},
{
  "model": "canales.partido",
  "pk": 725,
  "fields": {
    "api_id": 537395,
    "liga_nombre": "FIFA World Cup",
    "liga_logo": "https://crests.football-data.org/wm26.png",
    "liga_api_id": 2000,
    "equipo_local": "Norway",
    "equipo_local_logo": "https://crests.football-data.org/813.svg",
    "equipo_visitante": "France",
    "equipo_visitante_logo": "https://crests.football-data.org/773.svg",
    "fecha": "2026-06-26",
    "hora": "14:00:00",
    "estado": "NS",
    "goles_local": null,
    "goles_visitante": null,
    "fecha_actualizacion": "2026-04-08T00:04:54.324Z",
    "canales_bolaloca": ""
  }
},
{
  "model": "canales.partido",
  "pk": 726,
  "fields": {
    "api_id": 537396,
    "liga_nombre": "FIFA World Cup",
    "liga_logo": "https://crests.football-data.org/wm26.png",
    "liga_api_id": 2000,
    "equipo_local": "Senegal",
    "equipo_local_logo": "https://crests.football-data.org/senegal.svg",
    "equipo_visitante": "Iraq",
    "equipo_visitante_logo": "https://crests.football-data.org/iraq.svg",
    "fecha": "2026-06-26",
    "hora": "14:00:00",
    "estado": "NS",
    "goles_local": null,
    "goles_visitante": null,
    "fecha_actualizacion": "2026-04-08T00:04:54.333Z",
    "canales_bolaloca": ""
  }
},
{
  "model": "canales.partido",
  "pk": 727,
  "fields": {
    "api_id": 537373,
    "liga_nombre": "FIFA World Cup",
    "liga_logo": "https://crests.football-data.org/wm26.png",
    "liga_api_id": 2000,
    "equipo_local": "Uruguay",
    "equipo_local_logo": "https://crests.football-data.org/758.svg",
    "equipo_visitante": "Spain",
    "equipo_visitante_logo": "https://crests.football-data.org/760.svg",
    "fecha": "2026-06-26",
    "hora": "19:00:00",
    "estado": "NS",
    "goles_local": null,
    "goles_visitante": null,
    "fecha_actualizacion": "2026-04-08T00:04:54.342Z",
    "canales_bolaloca": ""
  }
},
{
  "model": "canales.partido",
  "pk": 728,
  "fields": {
    "api_id": 537374,
    "liga_nombre": "FIFA World Cup",
    "liga_logo": "https://crests.football-data.org/wm26.png",
    "liga_api_id": 2000,
    "equipo_local": "Cape Verde Islands",
    "equipo_local_logo": "https://crests.football-data.org/cape_verde.svg",
    "equipo_visitante": "Saudi Arabia",
    "equipo_visitante_logo": "https://crests.football-data.org/saudi_arabia.svg",
    "fecha": "2026-06-26",
    "hora": "19:00:00",
    "estado": "NS",
    "goles_local": null,
    "goles_visitante": null,
    "fecha_actualizacion": "2026-04-08T00:04:54.350Z",
    "canales_bolaloca": ""
  }
},
{
  "model": "canales.partido",
  "pk": 729,
  "fields": {
    "api_id": 537367,
    "liga_nombre": "FIFA World Cup",
    "liga_logo": "https://crests.football-data.org/wm26.png",
    "liga_api_id": 2000,
    "equipo_local": "New Zealand",
    "equipo_local_logo": "https://crests.football-data.org/783.svg",
    "equipo_visitante": "Belgium",
    "equipo_visitante_logo": "https://crests.football-data.org/805.svg",
    "fecha": "2026-06-26",
    "hora": "22:00:00",
    "estado": "NS",
    "goles_local": null,
    "goles_visitante": null,
    "fecha_actualizacion": "2026-04-08T00:04:54.360Z",
    "canales_bolaloca": ""
  }
},
{
  "model": "canales.partido",
  "pk": 730,
  "fields": {
    "api_id": 537368,
    "liga_nombre": "FIFA World Cup",
    "liga_logo": "https://crests.football-data.org/wm26.png",
    "liga_api_id": 2000,
    "equipo_local": "Egypt",
    "equipo_local_logo": "https://crests.football-data.org/825.svg",
    "equipo_visitante": "Iran",
    "equipo_visitante_logo": "https://crests.football-data.org/iran.svg",
    "fecha": "2026-06-26",
    "hora": "22:00:00",
    "estado": "NS",
    "goles_local": null,
    "goles_visitante": null,
    "fecha_actualizacion": "2026-04-08T00:04:54.370Z",
    "canales_bolaloca": ""
  }
},
{
  "model": "canales.partido",
  "pk": 731,
  "fields": {
    "api_id": 537413,
    "liga_nombre": "FIFA World Cup",
    "liga_logo": "https://crests.football-data.org/wm26.png",
    "liga_api_id": 2000,
    "equipo_local": "Panama",
    "equipo_local_logo": "https://crests.football-data.org/panama.svg",
    "equipo_visitante": "England",
    "equipo_visitante_logo": "https://crests.football-data.org/770.svg",
    "fecha": "2026-06-27",
    "hora": "16:00:00",
    "estado": "NS",
    "goles_local": null,
    "goles_visitante": null,
    "fecha_actualizacion": "2026-04-08T00:04:54.379Z",
    "canales_bolaloca": ""
  }
},
{
  "model": "canales.partido",
  "pk": 732,
  "fields": {
    "api_id": 537414,
    "liga_nombre": "FIFA World Cup",
    "liga_logo": "https://crests.football-data.org/wm26.png",
    "liga_api_id": 2000,
    "equipo_local": "Croatia",
    "equipo_local_logo": "https://crests.football-data.org/799.svg",
    "equipo_visitante": "Ghana",
    "equipo_visitante_logo": "https://crests.football-data.org/ghana.svg",
    "fecha": "2026-06-27",
    "hora": "16:00:00",
    "estado": "NS",
    "goles_local": null,
    "goles_visitante": null,
    "fecha_actualizacion": "2026-04-08T00:04:54.387Z",
    "canales_bolaloca": ""
  }
},
{
  "model": "canales.partido",
  "pk": 733,
  "fields": {
    "api_id": 537407,
    "liga_nombre": "FIFA World Cup",
    "liga_logo": "https://crests.football-data.org/wm26.png",
    "liga_api_id": 2000,
    "equipo_local": "Colombia",
    "equipo_local_logo": "https://crests.football-data.org/818.svg",
    "equipo_visitante": "Portugal",
    "equipo_visitante_logo": "https://crests.football-data.org/765.svg",
    "fecha": "2026-06-27",
    "hora": "18:30:00",
    "estado": "NS",
    "goles_local": null,
    "goles_visitante": null,
    "fecha_actualizacion": "2026-04-08T00:04:54.396Z",
    "canales_bolaloca": ""
  }
},
{
  "model": "canales.partido",
  "pk": 734,
  "fields": {
    "api_id": 537408,
    "liga_nombre": "FIFA World Cup",
    "liga_logo": "https://crests.football-data.org/wm26.png",
    "liga_api_id": 2000,
    "equipo_local": "Congo DR",
    "equipo_local_logo": "https://crests.football-data.org/congo_dr.svg",
    "equipo_visitante": "Uzbekistan",
    "equipo_visitante_logo": "https://crests.football-data.org/8070.png",
    "fecha": "2026-06-27",
    "hora": "18:30:00",
    "estado": "NS",
    "goles_local": null,
    "goles_visitante": null,
    "fecha_actualizacion": "2026-04-08T00:04:54.403Z",
    "canales_bolaloca": ""
  }
},
{
  "model": "canales.partido",
  "pk": 735,
  "fields": {
    "api_id": 537401,
    "liga_nombre": "FIFA World Cup",
    "liga_logo": "https://crests.football-data.org/wm26.png",
    "liga_api_id": 2000,
    "equipo_local": "Jordan",
    "equipo_local_logo": "https://crests.football-data.org/8049.png",
    "equipo_visitante": "Argentina",
    "equipo_visitante_logo": "https://crests.football-data.org/762.png",
    "fecha": "2026-06-27",
    "hora": "21:00:00",
    "estado": "NS",
    "goles_local": null,
    "goles_visitante": null,
    "fecha_actualizacion": "2026-04-08T00:04:54.412Z",
    "canales_bolaloca": ""
  }
},
{
  "model": "canales.partido",
  "pk": 736,
  "fields": {
    "api_id": 537402,
    "liga_nombre": "FIFA World Cup",
    "liga_logo": "https://crests.football-data.org/wm26.png",
    "liga_api_id": 2000,
    "equipo_local": "Algeria",
    "equipo_local_logo": "https://crests.football-data.org/algeria.svg",
    "equipo_visitante": "Austria",
    "equipo_visitante_logo": "https://crests.football-data.org/816.svg",
    "fecha": "2026-06-27",
    "hora": "21:00:00",
    "estado": "NS",
    "goles_local": null,
    "goles_visitante": null,
    "fecha_actualizacion": "2026-04-08T00:04:54.420Z",
    "canales_bolaloca": ""
  }
},
{
  "model": "canales.partido",
  "pk": 737,
  "fields": {
    "api_id": 537417,
    "liga_nombre": "FIFA World Cup",
    "liga_logo": "https://crests.football-data.org/wm26.png",
    "liga_api_id": 2000,
    "equipo_local": "Por definir",
    "equipo_local_logo": "",
    "equipo_visitante": "Por definir",
    "equipo_visitante_logo": "",
    "fecha": "2026-06-28",
    "hora": "14:00:00",
    "estado": "NS",
    "goles_local": null,
    "goles_visitante": null,
    "fecha_actualizacion": "2026-04-08T00:04:54.429Z",
    "canales_bolaloca": ""
  }
},
{
  "model": "canales.partido",
  "pk": 738,
  "fields": {
    "api_id": 537423,
    "liga_nombre": "FIFA World Cup",
    "liga_logo": "https://crests.football-data.org/wm26.png",
    "liga_api_id": 2000,
    "equipo_local": "Por definir",
    "equipo_local_logo": "",
    "equipo_visitante": "Por definir",
    "equipo_visitante_logo": "",
    "fecha": "2026-06-29",
    "hora": "12:00:00",
    "estado": "NS",
    "goles_local": null,
    "goles_visitante": null,
    "fecha_actualizacion": "2026-04-08T00:04:54.434Z",
    "canales_bolaloca": ""
  }
},
{
  "model": "canales.partido",
  "pk": 739,
  "fields": {
    "api_id": 537415,
    "liga_nombre": "FIFA World Cup",
    "liga_logo": "https://crests.football-data.org/wm26.png",
    "liga_api_id": 2000,
    "equipo_local": "Por definir",
    "equipo_local_logo": "",
    "equipo_visitante": "Por definir",
    "equipo_visitante_logo": "",
    "fecha": "2026-06-29",
    "hora": "15:30:00",
    "estado": "NS",
    "goles_local": null,
    "goles_visitante": null,
    "fecha_actualizacion": "2026-04-08T00:04:54.443Z",
    "canales_bolaloca": ""
  }
},
{
  "model": "canales.partido",
  "pk": 740,
  "fields": {
    "api_id": 537418,
    "liga_nombre": "FIFA World Cup",
    "liga_logo": "https://crests.football-data.org/wm26.png",
    "liga_api_id": 2000,
    "equipo_local": "Por definir",
    "equipo_local_logo": "",
    "equipo_visitante": "Por definir",
    "equipo_visitante_logo": "",
    "fecha": "2026-06-29",
    "hora": "20:00:00",
    "estado": "NS",
    "goles_local": null,
    "goles_visitante": null,
    "fecha_actualizacion": "2026-04-08T00:04:54.450Z",
    "canales_bolaloca": ""
  }
},
{
  "model": "canales.partido",
  "pk": 741,
  "fields": {
    "api_id": 537424,
    "liga_nombre": "FIFA World Cup",
    "liga_logo": "https://crests.football-data.org/wm26.png",
    "liga_api_id": 2000,
    "equipo_local": "Por definir",
    "equipo_local_logo": "",
    "equipo_visitante": "Por definir",
    "equipo_visitante_logo": "",
    "fecha": "2026-06-30",
    "hora": "12:00:00",
    "estado": "NS",
    "goles_local": null,
    "goles_visitante": null,
    "fecha_actualizacion": "2026-04-08T00:04:54.458Z",
    "canales_bolaloca": ""
  }
},
{
  "model": "canales.partido",
  "pk": 742,
  "fields": {
    "api_id": 537416,
    "liga_nombre": "FIFA World Cup",
    "liga_logo": "https://crests.football-data.org/wm26.png",
    "liga_api_id": 2000,
    "equipo_local": "Por definir",
    "equipo_local_logo": "",
    "equipo_visitante": "Por definir",
    "equipo_visitante_logo": "",
    "fecha": "2026-06-30",
    "hora": "16:00:00",
    "estado": "NS",
    "goles_local": null,
    "goles_visitante": null,
    "fecha_actualizacion": "2026-04-08T00:04:54.466Z",
    "canales_bolaloca": ""
  }
},
{
  "model": "canales.partido",
  "pk": 743,
  "fields": {
    "api_id": 537425,
    "liga_nombre": "FIFA World Cup",
    "liga_logo": "https://crests.football-data.org/wm26.png",
    "liga_api_id": 2000,
    "equipo_local": "Por definir",
    "equipo_local_logo": "",
    "equipo_visitante": "Por definir",
    "equipo_visitante_logo": "",
    "fecha": "2026-06-30",
    "hora": "20:00:00",
    "estado": "NS",
    "goles_local": null,
    "goles_visitante": null,
    "fecha_actualizacion": "2026-04-08T00:04:54.474Z",
    "canales_bolaloca": ""
  }
},
{
  "model": "canales.partido",
  "pk": 744,
  "fields": {
    "api_id": 537426,
    "liga_nombre": "FIFA World Cup",
    "liga_logo": "https://crests.football-data.org/wm26.png",
    "liga_api_id": 2000,
    "equipo_local": "Por definir",
    "equipo_local_logo": "",
    "equipo_visitante": "Por definir",
    "equipo_visitante_logo": "",
    "fecha": "2026-07-01",
    "hora": "11:00:00",
    "estado": "NS",
    "goles_local": null,
    "goles_visitante": null,
    "fecha_actualizacion": "2026-04-08T00:04:54.483Z",
    "canales_bolaloca": ""
  }
},
{
  "model": "canales.partido",
  "pk": 745,
  "fields": {
    "api_id": 537422,
    "liga_nombre": "FIFA World Cup",
    "liga_logo": "https://crests.football-data.org/wm26.png",
    "liga_api_id": 2000,
    "equipo_local": "Por definir",
    "equipo_local_logo": "",
    "equipo_visitante": "Por definir",
    "equipo_visitante_logo": "",
    "fecha": "2026-07-01",
    "hora": "15:00:00",
    "estado": "NS",
    "goles_local": null,
    "goles_visitante": null,
    "fecha_actualizacion": "2026-04-08T00:04:54.491Z",
    "canales_bolaloca": ""
  }
},
{
  "model": "canales.partido",
  "pk": 746,
  "fields": {
    "api_id": 537421,
    "liga_nombre": "FIFA World Cup",
    "liga_logo": "https://crests.football-data.org/wm26.png",
    "liga_api_id": 2000,
    "equipo_local": "Por definir",
    "equipo_local_logo": "",
    "equipo_visitante": "Por definir",
    "equipo_visitante_logo": "",
    "fecha": "2026-07-01",
    "hora": "19:00:00",
    "estado": "NS",
    "goles_local": null,
    "goles_visitante": null,
    "fecha_actualizacion": "2026-04-08T00:04:54.500Z",
    "canales_bolaloca": ""
  }
},
{
  "model": "canales.partido",
  "pk": 747,
  "fields": {
    "api_id": 537420,
    "liga_nombre": "FIFA World Cup",
    "liga_logo": "https://crests.football-data.org/wm26.png",
    "liga_api_id": 2000,
    "equipo_local": "Por definir",
    "equipo_local_logo": "",
    "equipo_visitante": "Por definir",
    "equipo_visitante_logo": "",
    "fecha": "2026-07-02",
    "hora": "14:00:00",
    "estado": "NS",
    "goles_local": null,
    "goles_visitante": null,
    "fecha_actualizacion": "2026-04-08T00:04:54.508Z",
    "canales_bolaloca": ""
  }
},
{
  "model": "canales.partido",
  "pk": 748,
  "fields": {
    "api_id": 537419,
    "liga_nombre": "FIFA World Cup",
    "liga_logo": "https://crests.football-data.org/wm26.png",
    "liga_api_id": 2000,
    "equipo_local": "Por definir",
    "equipo_local_logo": "",
    "equipo_visitante": "Por definir",
    "equipo_visitante_logo": "",
    "fecha": "2026-07-02",
    "hora": "18:00:00",
    "estado": "NS",
    "goles_local": null,
    "goles_visitante": null,
    "fecha_actualizacion": "2026-04-08T00:04:54.515Z",
    "canales_bolaloca": ""
  }
},
{
  "model": "canales.partido",
  "pk": 749,
  "fields": {
    "api_id": 537429,
    "liga_nombre": "FIFA World Cup",
    "liga_logo": "https://crests.football-data.org/wm26.png",
    "liga_api_id": 2000,
    "equipo_local": "Por definir",
    "equipo_local_logo": "",
    "equipo_visitante": "Por definir",
    "equipo_visitante_logo": "",
    "fecha": "2026-07-02",
    "hora": "22:00:00",
    "estado": "NS",
    "goles_local": null,
    "goles_visitante": null,
    "fecha_actualizacion": "2026-04-08T00:04:54.524Z",
    "canales_bolaloca": ""
  }
},
{
  "model": "canales.partido",
  "pk": 750,
  "fields": {
    "api_id": 537428,
    "liga_nombre": "FIFA World Cup",
    "liga_logo": "https://crests.football-data.org/wm26.png",
    "liga_api_id": 2000,
    "equipo_local": "Por definir",
    "equipo_local_logo": "",
    "equipo_visitante": "Por definir",
    "equipo_visitante_logo": "",
    "fecha": "2026-07-03",
    "hora": "13:00:00",
    "estado": "NS",
    "goles_local": null,
    "goles_visitante": null,
    "fecha_actualizacion": "2026-04-08T00:04:54.530Z",
    "canales_bolaloca": ""
  }
},
{
  "model": "canales.partido",
  "pk": 751,
  "fields": {
    "api_id": 537427,
    "liga_nombre": "FIFA World Cup",
    "liga_logo": "https://crests.football-data.org/wm26.png",
    "liga_api_id": 2000,
    "equipo_local": "Por definir",
    "equipo_local_logo": "",
    "equipo_visitante": "Por definir",
    "equipo_visitante_logo": "",
    "fecha": "2026-07-03",
    "hora": "17:00:00",
    "estado": "NS",
    "goles_local": null,
    "goles_visitante": null,
    "fecha_actualizacion": "2026-04-08T00:04:54.539Z",
    "canales_bolaloca": ""
  }
},
{
  "model": "canales.partido",
  "pk": 752,
  "fields": {
    "api_id": 537430,
    "liga_nombre": "FIFA World Cup",
    "liga_logo": "https://crests.football-data.org/wm26.png",
    "liga_api_id": 2000,
    "equipo_local": "Por definir",
    "equipo_local_logo": "",
    "equipo_visitante": "Por definir",
    "equipo_visitante_logo": "",
    "fecha": "2026-07-03",
    "hora": "20:30:00",
    "estado": "NS",
    "goles_local": null,
    "goles_visitante": null,
    "fecha_actualizacion": "2026-04-08T00:04:54.545Z",
    "canales_bolaloca": ""
  }
},
{
  "model": "canales.partido",
  "pk": 753,
  "fields": {
    "api_id": 537376,
    "liga_nombre": "FIFA World Cup",
    "liga_logo": "https://crests.football-data.org/wm26.png",
    "liga_api_id": 2000,
    "equipo_local": "Por definir",
    "equipo_local_logo": "",
    "equipo_visitante": "Por definir",
    "equipo_visitante_logo": "",
    "fecha": "2026-07-04",
    "hora": "12:00:00",
    "estado": "NS",
    "goles_local": null,
    "goles_visitante": null,
    "fecha_actualizacion": "2026-04-08T00:04:54.554Z",
    "canales_bolaloca": ""
  }
},
{
  "model": "canales.partido",
  "pk": 754,
  "fields": {
    "api_id": 537375,
    "liga_nombre": "FIFA World Cup",
    "liga_logo": "https://crests.football-data.org/wm26.png",
    "liga_api_id": 2000,
    "equipo_local": "Por definir",
    "equipo_local_logo": "",
    "equipo_visitante": "Por definir",
    "equipo_visitante_logo": "",
    "fecha": "2026-07-04",
    "hora": "16:00:00",
    "estado": "NS",
    "goles_local": null,
    "goles_visitante": null,
    "fecha_actualizacion": "2026-04-08T00:04:54.561Z",
    "canales_bolaloca": ""
  }
},
{
  "model": "canales.partido",
  "pk": 755,
  "fields": {
    "api_id": 537377,
    "liga_nombre": "FIFA World Cup",
    "liga_logo": "https://crests.football-data.org/wm26.png",
    "liga_api_id": 2000,
    "equipo_local": "Por definir",
    "equipo_local_logo": "",
    "equipo_visitante": "Por definir",
    "equipo_visitante_logo": "",
    "fecha": "2026-07-05",
    "hora": "15:00:00",
    "estado": "NS",
    "goles_local": null,
    "goles_visitante": null,
    "fecha_actualizacion": "2026-04-08T00:04:54.569Z",
    "canales_bolaloca": ""
  }
},
{
  "model": "canales.partido",
  "pk": 756,
  "fields": {
    "api_id": 537378,
    "liga_nombre": "FIFA World Cup",
    "liga_logo": "https://crests.football-data.org/wm26.png",
    "liga_api_id": 2000,
    "equipo_local": "Por definir",
    "equipo_local_logo": "",
    "equipo_visitante": "Por definir",
    "equipo_visitante_logo": "",
    "fecha": "2026-07-05",
    "hora": "19:00:00",
    "estado": "NS",
    "goles_local": null,
    "goles_visitante": null,
    "fecha_actualizacion": "2026-04-08T00:04:54.578Z",
    "canales_bolaloca": ""
  }
},
{
  "model": "canales.partido",
  "pk": 757,
  "fields": {
    "api_id": 537379,
    "liga_nombre": "FIFA World Cup",
    "liga_logo": "https://crests.football-data.org/wm26.png",
    "liga_api_id": 2000,
    "equipo_local": "Por definir",
    "equipo_local_logo": "",
    "equipo_visitante": "Por definir",
    "equipo_visitante_logo": "",
    "fecha": "2026-07-06",
    "hora": "14:00:00",
    "estado": "NS",
    "goles_local": null,
    "goles_visitante": null,
    "fecha_actualizacion": "2026-04-08T00:04:54.587Z",
    "canales_bolaloca": ""
  }
},
{
  "model": "canales.partido",
  "pk": 758,
  "fields": {
    "api_id": 537380,
    "liga_nombre": "FIFA World Cup",
    "liga_logo": "https://crests.football-data.org/wm26.png",
    "liga_api_id": 2000,
    "equipo_local": "Por definir",
    "equipo_local_logo": "",
    "equipo_visitante": "Por definir",
    "equipo_visitante_logo": "",
    "fecha": "2026-07-06",
    "hora": "19:00:00",
    "estado": "NS",
    "goles_local": null,
    "goles_visitante": null,
    "fecha_actualizacion": "2026-04-08T00:04:54.596Z",
    "canales_bolaloca": ""
  }
},
{
  "model": "canales.partido",
  "pk": 759,
  "fields": {
    "api_id": 537381,
    "liga_nombre": "FIFA World Cup",
    "liga_logo": "https://crests.football-data.org/wm26.png",
    "liga_api_id": 2000,
    "equipo_local": "Por definir",
    "equipo_local_logo": "",
    "equipo_visitante": "Por definir",
    "equipo_visitante_logo": "",
    "fecha": "2026-07-07",
    "hora": "11:00:00",
    "estado": "NS",
    "goles_local": null,
    "goles_visitante": null,
    "fecha_actualizacion": "2026-04-08T00:04:54.606Z",
    "canales_bolaloca": ""
  }
},
{
  "model": "canales.partido",
  "pk": 760,
  "fields": {
    "api_id": 537382,
    "liga_nombre": "FIFA World Cup",
    "liga_logo": "https://crests.football-data.org/wm26.png",
    "liga_api_id": 2000,
    "equipo_local": "Por definir",
    "equipo_local_logo": "",
    "equipo_visitante": "Por definir",
    "equipo_visitante_logo": "",
    "fecha": "2026-07-07",
    "hora": "15:00:00",
    "estado": "NS",
    "goles_local": null,
    "goles_visitante": null,
    "fecha_actualizacion": "2026-04-08T00:04:54.613Z",
    "canales_bolaloca": ""
  }
},
{
  "model": "canales.partido",
  "pk": 761,
  "fields": {
    "api_id": 537383,
    "liga_nombre": "FIFA World Cup",
    "liga_logo": "https://crests.football-data.org/wm26.png",
    "liga_api_id": 2000,
    "equipo_local": "Por definir",
    "equipo_local_logo": "",
    "equipo_visitante": "Por definir",
    "equipo_visitante_logo": "",
    "fecha": "2026-07-09",
    "hora": "15:00:00",
    "estado": "NS",
    "goles_local": null,
    "goles_visitante": null,
    "fecha_actualizacion": "2026-04-08T00:04:54.622Z",
    "canales_bolaloca": ""
  }
},
{
  "model": "canales.partido",
  "pk": 762,
  "fields": {
    "api_id": 537384,
    "liga_nombre": "FIFA World Cup",
    "liga_logo": "https://crests.football-data.org/wm26.png",
    "liga_api_id": 2000,
    "equipo_local": "Por definir",
    "equipo_local_logo": "",
    "equipo_visitante": "Por definir",
    "equipo_visitante_logo": "",
    "fecha": "2026-07-10",
    "hora": "14:00:00",
    "estado": "NS",
    "goles_local": null,
    "goles_visitante": null,
    "fecha_actualizacion": "2026-04-08T00:04:54.631Z",
    "canales_bolaloca": ""
  }
},
{
  "model": "canales.partido",
  "pk": 763,
  "fields": {
    "api_id": 537385,
    "liga_nombre": "FIFA World Cup",
    "liga_logo": "https://crests.football-data.org/wm26.png",
    "liga_api_id": 2000,
    "equipo_local": "Por definir",
    "equipo_local_logo": "",
    "equipo_visitante": "Por definir",
    "equipo_visitante_logo": "",
    "fecha": "2026-07-11",
    "hora": "16:00:00",
    "estado": "NS",
    "goles_local": null,
    "goles_visitante": null,
    "fecha_actualizacion": "2026-04-08T00:04:54.638Z",
    "canales_bolaloca": ""
  }
},
{
  "model": "canales.partido",
  "pk": 764,
  "fields": {
    "api_id": 537386,
    "liga_nombre": "FIFA World Cup",
    "liga_logo": "https://crests.football-data.org/wm26.png",
    "liga_api_id": 2000,
    "equipo_local": "Por definir",
    "equipo_local_logo": "",
    "equipo_visitante": "Por definir",
    "equipo_visitante_logo": "",
    "fecha": "2026-07-11",
    "hora": "20:00:00",
    "estado": "NS",
    "goles_local": null,
    "goles_visitante": null,
    "fecha_actualizacion": "2026-04-08T00:04:54.648Z",
    "canales_bolaloca": ""
  }
},
{
  "model": "canales.partido",
  "pk": 765,
  "fields": {
    "api_id": 537387,
    "liga_nombre": "FIFA World Cup",
    "liga_logo": "https://crests.football-data.org/wm26.png",
    "liga_api_id": 2000,
    "equipo_local": "Por definir",
    "equipo_local_logo": "",
    "equipo_visitante": "Por definir",
    "equipo_visitante_logo": "",
    "fecha": "2026-07-14",
    "hora": "14:00:00",
    "estado": "NS",
    "goles_local": null,
    "goles_visitante": null,
    "fecha_actualizacion": "2026-04-08T00:04:54.658Z",
    "canales_bolaloca": ""
  }
},
{
  "model": "canales.partido",
  "pk": 766,
  "fields": {
    "api_id": 537388,
    "liga_nombre": "FIFA World Cup",
    "liga_logo": "https://crests.football-data.org/wm26.png",
    "liga_api_id": 2000,
    "equipo_local": "Por definir",
    "equipo_local_logo": "",
    "equipo_visitante": "Por definir",
    "equipo_visitante_logo": "",
    "fecha": "2026-07-15",
    "hora": "14:00:00",
    "estado": "NS",
    "goles_local": null,
    "goles_visitante": null,
    "fecha_actualizacion": "2026-04-08T00:04:54.667Z",
    "canales_bolaloca": ""
  }
},
{
  "model": "canales.partido",
  "pk": 767,
  "fields": {
    "api_id": 537389,
    "liga_nombre": "FIFA World Cup",
    "liga_logo": "https://crests.football-data.org/wm26.png",
    "liga_api_id": 2000,
    "equipo_local": "Por definir",
    "equipo_local_logo": "",
    "equipo_visitante": "Por definir",
    "equipo_visitante_logo": "",
    "fecha": "2026-07-18",
    "hora": "16:00:00",
    "estado": "NS",
    "goles_local": null,
    "goles_visitante": null,
    "fecha_actualizacion": "2026-04-08T00:04:54.676Z",
    "canales_bolaloca": ""
  }
},
{
  "model": "canales.partido",
  "pk": 768,
  "fields": {
    "api_id": 537390,
    "liga_nombre": "FIFA World Cup",
    "liga_logo": "https://crests.football-data.org/wm26.png",
    "liga_api_id": 2000,
    "equipo_local": "Por definir",
    "equipo_local_logo": "",
    "equipo_visitante": "Por definir",
    "equipo_visitante_logo": "",
    "fecha": "2026-07-19",
    "hora": "14:00:00",
    "estado": "NS",
    "goles_local": null,
    "goles_visitante": null,
    "fecha_actualizacion": "2026-04-08T00:04:54.686Z",
    "canales_bolaloca": ""
  }
},
{
  "model": "canales.partido",
  "pk": 776,
  "fields": {
    "api_id": 538104,
    "liga_nombre": "Premier League",
    "liga_logo": "https://crests.football-data.org/PL.png",
    "liga_api_id": 2021,
    "equipo_local": "West Ham United FC",
    "equipo_local_logo": "https://crests.football-data.org/563.png",
    "equipo_visitante": "Wolverhampton Wanderers FC",
    "equipo_visitante_logo": "https://crests.football-data.org/76.png",
    "fecha": "2026-04-10",
    "hora": "14:00:00",
    "estado": "NS",
    "goles_local": null,
    "goles_visitante": null,
    "fecha_actualizacion": "2026-04-08T00:04:04.883Z",
    "canales_bolaloca": ""
  }
},
{
  "model": "canales.partido",
  "pk": 777,
  "fields": {
    "api_id": 538097,
    "liga_nombre": "Premier League",
    "liga_logo": "https://crests.football-data.org/PL.png",
    "liga_api_id": 2021,
    "equipo_local": "Arsenal FC",
    "equipo_local_logo": "https://crests.football-data.org/57.png",
    "equipo_visitante": "AFC Bournemouth",
    "equipo_visitante_logo": "https://crests.football-data.org/bournemouth.png",
    "fecha": "2026-04-11",
    "hora": "06:30:00",
    "estado": "NS",
    "goles_local": null,
    "goles_visitante": null,
    "fecha_actualizacion": "2026-04-08T00:04:04.899Z",
    "canales_bolaloca": ""
  }
},
{
  "model": "canales.partido",
  "pk": 778,
  "fields": {
    "api_id": 538098,
    "liga_nombre": "Premier League",
    "liga_logo": "https://crests.football-data.org/PL.png",
    "liga_api_id": 2021,
    "equipo_local": "Brentford FC",
    "equipo_local_logo": "https://crests.football-data.org/402.png",
    "equipo_visitante": "Everton FC",
    "equipo_visitante_logo": "https://crests.football-data.org/62.png",
    "fecha": "2026-04-11",
    "hora": "09:00:00",
    "estado": "NS",
    "goles_local": null,
    "goles_visitante": null,
    "fecha_actualizacion": "2026-04-08T00:04:04.909Z",
    "canales_bolaloca": ""
  }
},
{
  "model": "canales.partido",
  "pk": 779,
  "fields": {
    "api_id": 538099,
    "liga_nombre": "Premier League",
    "liga_logo": "https://crests.football-data.org/PL.png",
    "liga_api_id": 2021,
    "equipo_local": "Burnley FC",
    "equipo_local_logo": "https://crests.football-data.org/328.png",
    "equipo_visitante": "Brighton & Hove Albion FC",
    "equipo_visitante_logo": "https://crests.football-data.org/397.png",
    "fecha": "2026-04-11",
    "hora": "09:00:00",
    "estado": "NS",
    "goles_local": null,
    "goles_visitante": null,
    "fecha_actualizacion": "2026-04-08T00:04:04.919Z",
    "canales_bolaloca": ""
  }
},
{
  "model": "canales.partido",
  "pk": 780,
  "fields": {
    "api_id": 538101,
    "liga_nombre": "Premier League",
    "liga_logo": "https://crests.football-data.org/PL.png",
    "liga_api_id": 2021,
    "equipo_local": "Liverpool FC",
    "equipo_local_logo": "https://crests.football-data.org/64.png",
    "equipo_visitante": "Fulham FC",
    "equipo_visitante_logo": "https://crests.football-data.org/63.png",
    "fecha": "2026-04-11",
    "hora": "11:30:00",
    "estado": "NS",
    "goles_local": null,
    "goles_visitante": null,
    "fecha_actualizacion": "2026-04-08T00:04:04.928Z",
    "canales_bolaloca": ""
  }
},
{
  "model": "canales.partido",
  "pk": 781,
  "fields": {
    "api_id": 538095,
    "liga_nombre": "Premier League",
    "liga_logo": "https://crests.football-data.org/PL.png",
    "liga_api_id": 2021,
    "equipo_local": "Sunderland AFC",
    "equipo_local_logo": "https://crests.football-data.org/71.png",
    "equipo_visitante": "Tottenham Hotspur FC",
    "equipo_visitante_logo": "https://crests.football-data.org/73.png",
    "fecha": "2026-04-12",
    "hora": "08:00:00",
    "estado": "NS",
    "goles_local": null,
    "goles_visitante": null,
    "fecha_actualizacion": "2026-04-08T00:04:04.937Z",
    "canales_bolaloca": ""
  }
},
{
  "model": "canales.partido",
  "pk": 782,
  "fields": {
    "api_id": 538096,
    "liga_nombre": "Premier League",
    "liga_logo": "https://crests.football-data.org/PL.png",
    "liga_api_id": 2021,
    "equipo_local": "Crystal Palace FC",
    "equipo_local_logo": "https://crests.football-data.org/354.png",
    "equipo_visitante": "Newcastle United FC",
    "equipo_visitante_logo": "https://crests.football-data.org/67.png",
    "fecha": "2026-04-12",
    "hora": "08:00:00",
    "estado": "NS",
    "goles_local": null,
    "goles_visitante": null,
    "fecha_actualizacion": "2026-04-08T00:04:04.946Z",
    "canales_bolaloca": ""
  }
},
{
  "model": "canales.partido",
  "pk": 783,
  "fields": {
    "api_id": 538103,
    "liga_nombre": "Premier League",
    "liga_logo": "https://crests.football-data.org/PL.png",
    "liga_api_id": 2021,
    "equipo_local": "Nottingham Forest FC",
    "equipo_local_logo": "https://crests.football-data.org/351.png",
    "equipo_visitante": "Aston Villa FC",
    "equipo_visitante_logo": "https://crests.football-data.org/58.png",
    "fecha": "2026-04-12",
    "hora": "08:00:00",
    "estado": "NS",
    "goles_local": null,
    "goles_visitante": null,
    "fecha_actualizacion": "2026-04-08T00:04:04.955Z",
    "canales_bolaloca": ""
  }
},
{
  "model": "canales.partido",
  "pk": 784,
  "fields": {
    "api_id": 538100,
    "liga_nombre": "Premier League",
    "liga_logo": "https://crests.football-data.org/PL.png",
    "liga_api_id": 2021,
    "equipo_local": "Chelsea FC",
    "equipo_local_logo": "https://crests.football-data.org/61.png",
    "equipo_visitante": "Manchester City FC",
    "equipo_visitante_logo": "https://crests.football-data.org/65.png",
    "fecha": "2026-04-12",
    "hora": "10:30:00",
    "estado": "NS",
    "goles_local": null,
    "goles_visitante": null,
    "fecha_actualizacion": "2026-04-08T00:04:04.965Z",
    "canales_bolaloca": ""
  }
},
{
  "model": "canales.partido",
  "pk": 785,
  "fields": {
    "api_id": 538102,
    "liga_nombre": "Premier League",
    "liga_logo": "https://crests.football-data.org/PL.png",
    "liga_api_id": 2021,
    "equipo_local": "Manchester United FC",
    "equipo_local_logo": "https://crests.football-data.org/66.png",
    "equipo_visitante": "Leeds United FC",
    "equipo_visitante_logo": "https://crests.football-data.org/341.png",
    "fecha": "2026-04-13",
    "hora": "14:00:00",
    "estado": "NS",
    "goles_local": null,
    "goles_visitante": null,
    "fecha_actualizacion": "2026-04-08T00:04:04.972Z",
    "canales_bolaloca": ""
  }
},
{
  "model": "canales.partido",
  "pk": 786,
  "fields": {
    "api_id": 544520,
    "liga_nombre": "Primera Division",
    "liga_logo": "https://crests.football-data.org/laliga.png",
    "liga_api_id": 2014,
    "equipo_local": "Real Madrid CF",
    "equipo_local_logo": "https://crests.football-data.org/86.png",
    "equipo_visitante": "Girona FC",
    "equipo_visitante_logo": "https://crests.football-data.org/298.png",
    "fecha": "2026-04-10",
    "hora": "14:00:00",
    "estado": "NS",
    "goles_local": null,
    "goles_visitante": null,
    "fecha_actualizacion": "2026-04-08T00:04:13.091Z",
    "canales_bolaloca": ""
  }
},
{
  "model": "canales.partido",
  "pk": 787,
  "fields": {
    "api_id": 544516,
    "liga_nombre": "Primera Division",
    "liga_logo": "https://crests.football-data.org/laliga.png",
    "liga_api_id": 2014,
    "equipo_local": "Real Sociedad de Fútbol",
    "equipo_local_logo": "https://crests.football-data.org/92.png",
    "equipo_visitante": "Deportivo Alavés",
    "equipo_visitante_logo": "https://crests.football-data.org/263.png",
    "fecha": "2026-04-11",
    "hora": "07:00:00",
    "estado": "NS",
    "goles_local": null,
    "goles_visitante": null,
    "fecha_actualizacion": "2026-04-08T00:04:13.103Z",
    "canales_bolaloca": ""
  }
},
{
  "model": "canales.partido",
  "pk": 788,
  "fields": {
    "api_id": 544514,
    "liga_nombre": "Primera Division",
    "liga_logo": "https://crests.football-data.org/laliga.png",
    "liga_api_id": 2014,
    "equipo_local": "Elche CF",
    "equipo_local_logo": "https://crests.football-data.org/285.png",
    "equipo_visitante": "Valencia CF",
    "equipo_visitante_logo": "https://crests.football-data.org/95.png",
    "fecha": "2026-04-11",
    "hora": "09:15:00",
    "estado": "NS",
    "goles_local": null,
    "goles_visitante": null,
    "fecha_actualizacion": "2026-04-08T00:04:13.113Z",
    "canales_bolaloca": ""
  }
},
{
  "model": "canales.partido",
  "pk": 789,
  "fields": {
    "api_id": 544512,
    "liga_nombre": "Primera Division",
    "liga_logo": "https://crests.football-data.org/laliga.png",
    "liga_api_id": 2014,
    "equipo_local": "FC Barcelona",
    "equipo_local_logo": "https://crests.football-data.org/81.png",
    "equipo_visitante": "RCD Espanyol de Barcelona",
    "equipo_visitante_logo": "https://crests.football-data.org/80.png",
    "fecha": "2026-04-11",
    "hora": "11:30:00",
    "estado": "NS",
    "goles_local": null,
    "goles_visitante": null,
    "fecha_actualizacion": "2026-04-08T00:04:13.124Z",
    "canales_bolaloca": ""
  }
},
{
  "model": "canales.partido",
  "pk": 790,
  "fields": {
    "api_id": 544517,
    "liga_nombre": "Primera Division",
    "liga_logo": "https://crests.football-data.org/laliga.png",
    "liga_api_id": 2014,
    "equipo_local": "Sevilla FC",
    "equipo_local_logo": "https://crests.football-data.org/559.png",
    "equipo_visitante": "Club Atlético de Madrid",
    "equipo_visitante_logo": "https://crests.football-data.org/78.png",
    "fecha": "2026-04-11",
    "hora": "14:00:00",
    "estado": "NS",
    "goles_local": null,
    "goles_visitante": null,
    "fecha_actualizacion": "2026-04-08T00:04:13.134Z",
    "canales_bolaloca": ""
  }
},
{
  "model": "canales.partido",
  "pk": 791,
  "fields": {
    "api_id": 544518,
    "liga_nombre": "Primera Division",
    "liga_logo": "https://crests.football-data.org/laliga.png",
    "liga_api_id": 2014,
    "equipo_local": "CA Osasuna",
    "equipo_local_logo": "https://crests.football-data.org/79.png",
    "equipo_visitante": "Real Betis Balompié",
    "equipo_visitante_logo": "https://crests.football-data.org/90.png",
    "fecha": "2026-04-12",
    "hora": "07:00:00",
    "estado": "NS",
    "goles_local": null,
    "goles_visitante": null,
    "fecha_actualizacion": "2026-04-08T00:04:13.142Z",
    "canales_bolaloca": ""
  }
},
{
  "model": "canales.partido",
  "pk": 792,
  "fields": {
    "api_id": 544515,
    "liga_nombre": "Primera Division",
    "liga_logo": "https://crests.football-data.org/laliga.png",
    "liga_api_id": 2014,
    "equipo_local": "RCD Mallorca",
    "equipo_local_logo": "https://crests.football-data.org/89.png",
    "equipo_visitante": "Rayo Vallecano de Madrid",
    "equipo_visitante_logo": "https://crests.football-data.org/87.png",
    "fecha": "2026-04-12",
    "hora": "09:15:00",
    "estado": "NS",
    "goles_local": null,
    "goles_visitante": null,
    "fecha_actualizacion": "2026-04-08T00:04:13.149Z",
    "canales_bolaloca": ""
  }
},
{
  "model": "canales.partido",
  "pk": 793,
  "fields": {
    "api_id": 544513,
    "liga_nombre": "Primera Division",
    "liga_logo": "https://crests.football-data.org/laliga.png",
    "liga_api_id": 2014,
    "equipo_local": "RC Celta de Vigo",
    "equipo_local_logo": "https://crests.football-data.org/558.png",
    "equipo_visitante": "Real Oviedo",
    "equipo_visitante_logo": "https://crests.football-data.org/1048.png",
    "fecha": "2026-04-12",
    "hora": "11:30:00",
    "estado": "NS",
    "goles_local": null,
    "goles_visitante": null,
    "fecha_actualizacion": "2026-04-08T00:04:13.156Z",
    "canales_bolaloca": ""
  }
},
{
  "model": "canales.partido",
  "pk": 794,
  "fields": {
    "api_id": 544511,
    "liga_nombre": "Primera Division",
    "liga_logo": "https://crests.football-data.org/laliga.png",
    "liga_api_id": 2014,
    "equipo_local": "Athletic Club",
    "equipo_local_logo": "https://crests.football-data.org/77.png",
    "equipo_visitante": "Villarreal CF",
    "equipo_visitante_logo": "https://crests.football-data.org/94.png",
    "fecha": "2026-04-12",
    "hora": "14:00:00",
    "estado": "NS",
    "goles_local": null,
    "goles_visitante": null,
    "fecha_actualizacion": "2026-04-08T00:04:13.164Z",
    "canales_bolaloca": ""
  }
},
{
  "model": "canales.partido",
  "pk": 795,
  "fields": {
    "api_id": 544519,
    "liga_nombre": "Primera Division",
    "liga_logo": "https://crests.football-data.org/laliga.png",
    "liga_api_id": 2014,
    "equipo_local": "Levante UD",
    "equipo_local_logo": "https://crests.football-data.org/88.png",
    "equipo_visitante": "Getafe CF",
    "equipo_visitante_logo": "https://crests.football-data.org/82.png",
    "fecha": "2026-04-13",
    "hora": "14:00:00",
    "estado": "NS",
    "goles_local": null,
    "goles_visitante": null,
    "fecha_actualizacion": "2026-04-08T00:04:13.171Z",
    "canales_bolaloca": ""
  }
},
{
  "model": "canales.partido",
  "pk": 796,
  "fields": {
    "api_id": 537127,
    "liga_nombre": "Serie A",
    "liga_logo": "https://crests.football-data.org/c111.png",
    "liga_api_id": 2019,
    "equipo_local": "AS Roma",
    "equipo_local_logo": "https://crests.football-data.org/100.png",
    "equipo_visitante": "AC Pisa 1909",
    "equipo_visitante_logo": "https://crests.football-data.org/487.png",
    "fecha": "2026-04-10",
    "hora": "13:45:00",
    "estado": "NS",
    "goles_local": null,
    "goles_visitante": null,
    "fecha_actualizacion": "2026-04-08T00:04:21.245Z",
    "canales_bolaloca": ""
  }
},
{
  "model": "canales.partido",
  "pk": 797,
  "fields": {
    "api_id": 537129,
    "liga_nombre": "Serie A",
    "liga_logo": "https://crests.football-data.org/c111.png",
    "liga_api_id": 2019,
    "equipo_local": "Cagliari Calcio",
    "equipo_local_logo": "https://crests.football-data.org/104.png",
    "equipo_visitante": "US Cremonese",
    "equipo_visitante_logo": "https://crests.football-data.org/457.png",
    "fecha": "2026-04-11",
    "hora": "08:00:00",
    "estado": "NS",
    "goles_local": null,
    "goles_visitante": null,
    "fecha_actualizacion": "2026-04-08T00:04:21.259Z",
    "canales_bolaloca": ""
  }
},
{
  "model": "canales.partido",
  "pk": 798,
  "fields": {
    "api_id": 537133,
    "liga_nombre": "Serie A",
    "liga_logo": "https://crests.football-data.org/c111.png",
    "liga_api_id": 2019,
    "equipo_local": "Torino FC",
    "equipo_local_logo": "https://crests.football-data.org/586.png",
    "equipo_visitante": "Hellas Verona FC",
    "equipo_visitante_logo": "https://crests.football-data.org/450.png",
    "fecha": "2026-04-11",
    "hora": "08:00:00",
    "estado": "NS",
    "goles_local": null,
    "goles_visitante": null,
    "fecha_actualizacion": "2026-04-08T00:04:21.268Z",
    "canales_bolaloca": ""
  }
},
{
  "model": "canales.partido",
  "pk": 799,
  "fields": {
    "api_id": 537126,
    "liga_nombre": "Serie A",
    "liga_logo": "https://crests.football-data.org/c111.png",
    "liga_api_id": 2019,
    "equipo_local": "AC Milan",
    "equipo_local_logo": "https://crests.football-data.org/98.png",
    "equipo_visitante": "Udinese Calcio",
    "equipo_visitante_logo": "https://crests.football-data.org/115.png",
    "fecha": "2026-04-11",
    "hora": "11:00:00",
    "estado": "NS",
    "goles_local": null,
    "goles_visitante": null,
    "fecha_actualizacion": "2026-04-08T00:04:21.277Z",
    "canales_bolaloca": ""
  }
},
{
  "model": "canales.partido",
  "pk": 800,
  "fields": {
    "api_id": 537128,
    "liga_nombre": "Serie A",
    "liga_logo": "https://crests.football-data.org/c111.png",
    "liga_api_id": 2019,
    "equipo_local": "Atalanta BC",
    "equipo_local_logo": "https://crests.football-data.org/102.png",
    "equipo_visitante": "Juventus FC",
    "equipo_visitante_logo": "https://crests.football-data.org/109.png",
    "fecha": "2026-04-11",
    "hora": "13:45:00",
    "estado": "NS",
    "goles_local": null,
    "goles_visitante": null,
    "fecha_actualizacion": "2026-04-08T00:04:21.285Z",
    "canales_bolaloca": ""
  }
},
{
  "model": "canales.partido",
  "pk": 801,
  "fields": {
    "api_id": 537130,
    "liga_nombre": "Serie A",
    "liga_logo": "https://crests.football-data.org/c111.png",
    "liga_api_id": 2019,
    "equipo_local": "Genoa CFC",
    "equipo_local_logo": "https://crests.football-data.org/107.png",
    "equipo_visitante": "US Sassuolo Calcio",
    "equipo_visitante_logo": "https://crests.football-data.org/471.png",
    "fecha": "2026-04-12",
    "hora": "05:30:00",
    "estado": "NS",
    "goles_local": null,
    "goles_visitante": null,
    "fecha_actualizacion": "2026-04-08T00:04:21.294Z",
    "canales_bolaloca": ""
  }
},
{
  "model": "canales.partido",
  "pk": 802,
  "fields": {
    "api_id": 537134,
    "liga_nombre": "Serie A",
    "liga_logo": "https://crests.football-data.org/c111.png",
    "liga_api_id": 2019,
    "equipo_local": "Parma Calcio 1913",
    "equipo_local_logo": "https://crests.football-data.org/112.png",
    "equipo_visitante": "SSC Napoli",
    "equipo_visitante_logo": "https://crests.football-data.org/113.png",
    "fecha": "2026-04-12",
    "hora": "08:00:00",
    "estado": "NS",
    "goles_local": null,
    "goles_visitante": null,
    "fecha_actualizacion": "2026-04-08T00:04:21.303Z",
    "canales_bolaloca": ""
  }
},
{
  "model": "canales.partido",
  "pk": 803,
  "fields": {
    "api_id": 537132,
    "liga_nombre": "Serie A",
    "liga_logo": "https://crests.football-data.org/c111.png",
    "liga_api_id": 2019,
    "equipo_local": "Bologna FC 1909",
    "equipo_local_logo": "https://crests.football-data.org/103.png",
    "equipo_visitante": "US Lecce",
    "equipo_visitante_logo": "https://crests.football-data.org/5890.png",
    "fecha": "2026-04-12",
    "hora": "11:00:00",
    "estado": "NS",
    "goles_local": null,
    "goles_visitante": null,
    "fecha_actualizacion": "2026-04-08T00:04:21.311Z",
    "canales_bolaloca": ""
  }
},
{
  "model": "canales.partido",
  "pk": 804,
  "fields": {
    "api_id": 537131,
    "liga_nombre": "Serie A",
    "liga_logo": "https://crests.football-data.org/c111.png",
    "liga_api_id": 2019,
    "equipo_local": "Como 1907",
    "equipo_local_logo": "https://crests.football-data.org/7397.png",
    "equipo_visitante": "FC Internazionale Milano",
    "equipo_visitante_logo": "https://crests.football-data.org/108.png",
    "fecha": "2026-04-12",
    "hora": "13:45:00",
    "estado": "NS",
    "goles_local": null,
    "goles_visitante": null,
    "fecha_actualizacion": "2026-04-08T00:04:21.319Z",
    "canales_bolaloca": ""
  }
},
{
  "model": "canales.partido",
  "pk": 805,
  "fields": {
    "api_id": 537125,
    "liga_nombre": "Serie A",
    "liga_logo": "https://crests.football-data.org/c111.png",
    "liga_api_id": 2019,
    "equipo_local": "ACF Fiorentina",
    "equipo_local_logo": "https://crests.football-data.org/99.png",
    "equipo_visitante": "SS Lazio",
    "equipo_visitante_logo": "https://crests.football-data.org/110.png",
    "fecha": "2026-04-13",
    "hora": "13:45:00",
    "estado": "NS",
    "goles_local": null,
    "goles_visitante": null,
    "fecha_actualizacion": "2026-04-08T00:04:21.328Z",
    "canales_bolaloca": ""
  }
},
{
  "model": "canales.partido",
  "pk": 806,
  "fields": {
    "api_id": 540665,
    "liga_nombre": "Bundesliga",
    "liga_logo": "https://crests.football-data.org/BL1.png",
    "liga_api_id": 2002,
    "equipo_local": "FC Augsburg",
    "equipo_local_logo": "https://crests.football-data.org/16.png",
    "equipo_visitante": "TSG 1899 Hoffenheim",
    "equipo_visitante_logo": "https://crests.football-data.org/2.png",
    "fecha": "2026-04-10",
    "hora": "13:30:00",
    "estado": "NS",
    "goles_local": null,
    "goles_visitante": null,
    "fecha_actualizacion": "2026-04-08T00:04:29.395Z",
    "canales_bolaloca": ""
  }
},
{
  "model": "canales.partido",
  "pk": 807,
  "fields": {
    "api_id": 540659,
    "liga_nombre": "Bundesliga",
    "liga_logo": "https://crests.football-data.org/BL1.png",
    "liga_api_id": 2002,
    "equipo_local": "Borussia Dortmund",
    "equipo_local_logo": "https://crests.football-data.org/4.png",
    "equipo_visitante": "Bayer 04 Leverkusen",
    "equipo_visitante_logo": "https://crests.football-data.org/3.png",
    "fecha": "2026-04-11",
    "hora": "08:30:00",
    "estado": "NS",
    "goles_local": null,
    "goles_visitante": null,
    "fecha_actualizacion": "2026-04-08T00:04:29.412Z",
    "canales_bolaloca": ""
  }
},
{
  "model": "canales.partido",
  "pk": 808,
  "fields": {
    "api_id": 540660,
    "liga_nombre": "Bundesliga",
    "liga_logo": "https://crests.football-data.org/BL1.png",
    "liga_api_id": 2002,
    "equipo_local": "VfL Wolfsburg",
    "equipo_local_logo": "https://crests.football-data.org/11.png",
    "equipo_visitante": "Eintracht Frankfurt",
    "equipo_visitante_logo": "https://crests.football-data.org/19.png",
    "fecha": "2026-04-11",
    "hora": "08:30:00",
    "estado": "NS",
    "goles_local": null,
    "goles_visitante": null,
    "fecha_actualizacion": "2026-04-08T00:04:29.420Z",
    "canales_bolaloca": ""
  }
},
{
  "model": "canales.partido",
  "pk": 809,
  "fields": {
    "api_id": 540663,
    "liga_nombre": "Bundesliga",
    "liga_logo": "https://crests.football-data.org/BL1.png",
    "liga_api_id": 2002,
    "equipo_local": "RB Leipzig",
    "equipo_local_logo": "https://crests.football-data.org/721.png",
    "equipo_visitante": "Borussia Mönchengladbach",
    "equipo_visitante_logo": "https://crests.football-data.org/18.png",
    "fecha": "2026-04-11",
    "hora": "08:30:00",
    "estado": "NS",
    "goles_local": null,
    "goles_visitante": null,
    "fecha_actualizacion": "2026-04-08T00:04:29.430Z",
    "canales_bolaloca": ""
  }
},
{
  "model": "canales.partido",
  "pk": 810,
  "fields": {
    "api_id": 540664,
    "liga_nombre": "Bundesliga",
    "liga_logo": "https://crests.football-data.org/BL1.png",
    "liga_api_id": 2002,
    "equipo_local": "1. FC Heidenheim 1846",
    "equipo_local_logo": "https://crests.football-data.org/44.png",
    "equipo_visitante": "1. FC Union Berlin",
    "equipo_visitante_logo": "https://crests.football-data.org/28.png",
    "fecha": "2026-04-11",
    "hora": "08:30:00",
    "estado": "NS",
    "goles_local": null,
    "goles_visitante": null,
    "fecha_actualizacion": "2026-04-08T00:04:29.437Z",
    "canales_bolaloca": ""
  }
},
{
  "model": "canales.partido",
  "pk": 811,
  "fields": {
    "api_id": 540658,
    "liga_nombre": "Bundesliga",
    "liga_logo": "https://crests.football-data.org/BL1.png",
    "liga_api_id": 2002,
    "equipo_local": "FC St. Pauli 1910",
    "equipo_local_logo": "https://crests.football-data.org/20.png",
    "equipo_visitante": "FC Bayern München",
    "equipo_visitante_logo": "https://crests.football-data.org/5.png",
    "fecha": "2026-04-11",
    "hora": "11:30:00",
    "estado": "NS",
    "goles_local": null,
    "goles_visitante": null,
    "fecha_actualizacion": "2026-04-08T00:04:29.446Z",
    "canales_bolaloca": ""
  }
},
{
  "model": "canales.partido",
  "pk": 812,
  "fields": {
    "api_id": 540662,
    "liga_nombre": "Bundesliga",
    "liga_logo": "https://crests.football-data.org/BL1.png",
    "liga_api_id": 2002,
    "equipo_local": "1. FC Köln",
    "equipo_local_logo": "https://crests.football-data.org/1.png",
    "equipo_visitante": "SV Werder Bremen",
    "equipo_visitante_logo": "https://crests.football-data.org/12.png",
    "fecha": "2026-04-12",
    "hora": "08:30:00",
    "estado": "NS",
    "goles_local": null,
    "goles_visitante": null,
    "fecha_actualizacion": "2026-04-08T00:04:29.454Z",
    "canales_bolaloca": ""
  }
},
{
  "model": "canales.partido",
  "pk": 813,
  "fields": {
    "api_id": 540666,
    "liga_nombre": "Bundesliga",
    "liga_logo": "https://crests.football-data.org/BL1.png",
    "liga_api_id": 2002,
    "equipo_local": "VfB Stuttgart",
    "equipo_local_logo": "https://crests.football-data.org/10.png",
    "equipo_visitante": "Hamburger SV",
    "equipo_visitante_logo": "https://crests.football-data.org/7.png",
    "fecha": "2026-04-12",
    "hora": "10:30:00",
    "estado": "NS",
    "goles_local": null,
    "goles_visitante": null,
    "fecha_actualizacion": "2026-04-08T00:04:29.463Z",
    "canales_bolaloca": ""
  }
},
{
  "model": "canales.partido",
  "pk": 814,
  "fields": {
    "api_id": 540661,
    "liga_nombre": "Bundesliga",
    "liga_logo": "https://crests.football-data.org/BL1.png",
    "liga_api_id": 2002,
    "equipo_local": "1. FSV Mainz 05",
    "equipo_local_logo": "https://crests.football-data.org/15.png",
    "equipo_visitante": "SC Freiburg",
    "equipo_visitante_logo": "https://crests.football-data.org/17.png",
    "fecha": "2026-04-12",
    "hora": "12:30:00",
    "estado": "NS",
    "goles_local": null,
    "goles_visitante": null,
    "fecha_actualizacion": "2026-04-08T00:04:29.471Z",
    "canales_bolaloca": ""
  }
},
{
  "model": "canales.partido",
  "pk": 815,
  "fields": {
    "api_id": 542659,
    "liga_nombre": "Ligue 1",
    "liga_logo": "https://crests.football-data.org/FL1.png",
    "liga_api_id": 2015,
    "equipo_local": "Paris FC",
    "equipo_local_logo": "https://crests.football-data.org/1045.png",
    "equipo_visitante": "AS Monaco FC",
    "equipo_visitante_logo": "https://crests.football-data.org/548.png",
    "fecha": "2026-04-10",
    "hora": "12:00:00",
    "estado": "NS",
    "goles_local": null,
    "goles_visitante": null,
    "fecha_actualizacion": "2026-04-08T00:04:37.714Z",
    "canales_bolaloca": ""
  }
},
{
  "model": "canales.partido",
  "pk": 816,
  "fields": {
    "api_id": 542663,
    "liga_nombre": "Ligue 1",
    "liga_logo": "https://crests.football-data.org/FL1.png",
    "liga_api_id": 2015,
    "equipo_local": "Olympique de Marseille",
    "equipo_local_logo": "https://crests.football-data.org/516.png",
    "equipo_visitante": "FC Metz",
    "equipo_visitante_logo": "https://crests.football-data.org/545.png",
    "fecha": "2026-04-10",
    "hora": "14:05:00",
    "estado": "NS",
    "goles_local": null,
    "goles_visitante": null,
    "fecha_actualizacion": "2026-04-08T00:04:37.730Z",
    "canales_bolaloca": ""
  }
},
{
  "model": "canales.partido",
  "pk": 817,
  "fields": {
    "api_id": 542658,
    "liga_nombre": "Ligue 1",
    "liga_logo": "https://crests.football-data.org/FL1.png",
    "liga_api_id": 2015,
    "equipo_local": "AJ Auxerre",
    "equipo_local_logo": "https://crests.football-data.org/519.png",
    "equipo_visitante": "FC Nantes",
    "equipo_visitante_logo": "https://crests.football-data.org/543.png",
    "fecha": "2026-04-11",
    "hora": "12:00:00",
    "estado": "NS",
    "goles_local": null,
    "goles_visitante": null,
    "fecha_actualizacion": "2026-04-08T00:04:37.741Z",
    "canales_bolaloca": ""
  }
},
{
  "model": "canales.partido",
  "pk": 818,
  "fields": {
    "api_id": 542666,
    "liga_nombre": "Ligue 1",
    "liga_logo": "https://crests.football-data.org/FL1.png",
    "liga_api_id": 2015,
    "equipo_local": "Stade Rennais FC 1901",
    "equipo_local_logo": "https://crests.football-data.org/529.png",
    "equipo_visitante": "Angers SCO",
    "equipo_visitante_logo": "https://crests.football-data.org/532.png",
    "fecha": "2026-04-11",
    "hora": "14:05:00",
    "estado": "NS",
    "goles_local": null,
    "goles_visitante": null,
    "fecha_actualizacion": "2026-04-08T00:04:37.751Z",
    "canales_bolaloca": ""
  }
},
{
  "model": "canales.partido",
  "pk": 819,
  "fields": {
    "api_id": 542660,
    "liga_nombre": "Ligue 1",
    "liga_logo": "https://crests.football-data.org/FL1.png",
    "liga_api_id": 2015,
    "equipo_local": "Toulouse FC",
    "equipo_local_logo": "https://crests.football-data.org/511.png",
    "equipo_visitante": "Lille OSC",
    "equipo_visitante_logo": "https://crests.football-data.org/521.png",
    "fecha": "2026-04-12",
    "hora": "10:15:00",
    "estado": "NS",
    "goles_local": null,
    "goles_visitante": null,
    "fecha_actualizacion": "2026-04-08T00:04:37.759Z",
    "canales_bolaloca": ""
  }
},
{
  "model": "canales.partido",
  "pk": 820,
  "fields": {
    "api_id": 542661,
    "liga_nombre": "Ligue 1",
    "liga_logo": "https://crests.football-data.org/FL1.png",
    "liga_api_id": 2015,
    "equipo_local": "OGC Nice",
    "equipo_local_logo": "https://crests.football-data.org/522.png",
    "equipo_visitante": "Le Havre AC",
    "equipo_visitante_logo": "https://crests.football-data.org/533.png",
    "fecha": "2026-04-12",
    "hora": "10:15:00",
    "estado": "NS",
    "goles_local": null,
    "goles_visitante": null,
    "fecha_actualizacion": "2026-04-08T00:04:37.768Z",
    "canales_bolaloca": ""
  }
},
{
  "model": "canales.partido",
  "pk": 821,
  "fields": {
    "api_id": 542662,
    "liga_nombre": "Ligue 1",
    "liga_logo": "https://crests.football-data.org/FL1.png",
    "liga_api_id": 2015,
    "equipo_local": "Olympique Lyonnais",
    "equipo_local_logo": "https://crests.football-data.org/523.png",
    "equipo_visitante": "FC Lorient",
    "equipo_visitante_logo": "https://crests.football-data.org/525.png",
    "fecha": "2026-04-12",
    "hora": "13:45:00",
    "estado": "NS",
    "goles_local": null,
    "goles_visitante": null,
    "fecha_actualizacion": "2026-04-08T00:04:37.776Z",
    "canales_bolaloca": ""
  }
},
{
  "model": "canales.partido",
  "pk": 822,
  "fields": {
    "api_id": 556719,
    "liga_nombre": "UEFA Champions League",
    "liga_logo": "https://crests.football-data.org/CL.png",
    "liga_api_id": 2001,
    "equipo_local": "Real Madrid CF",
    "equipo_local_logo": "https://crests.football-data.org/86.png",
    "equipo_visitante": "FC Bayern München",
    "equipo_visitante_logo": "https://crests.football-data.org/5.png",
    "fecha": "2026-04-07",
    "hora": "14:00:00",
    "estado": "FT",
    "goles_local": 1,
    "goles_visitante": 2,
    "fecha_actualizacion": "2026-04-08T00:04:45.776Z",
    "canales_bolaloca": ""
  }
},
{
  "model": "canales.partido",
  "pk": 823,
  "fields": {
    "api_id": 556721,
    "liga_nombre": "UEFA Champions League",
    "liga_logo": "https://crests.football-data.org/CL.png",
    "liga_api_id": 2001,
    "equipo_local": "Sporting Clube de Portugal",
    "equipo_local_logo": "https://crests.football-data.org/498.png",
    "equipo_visitante": "Arsenal FC",
    "equipo_visitante_logo": "https://crests.football-data.org/57.png",
    "fecha": "2026-04-07",
    "hora": "14:00:00",
    "estado": "FT",
    "goles_local": 0,
    "goles_visitante": 1,
    "fecha_actualizacion": "2026-04-08T00:04:45.790Z",
    "canales_bolaloca": ""
  }
},
{
  "model": "canales.partido",
  "pk": 824,
  "fields": {
    "api_id": 556718,
    "liga_nombre": "UEFA Champions League",
    "liga_logo": "https://crests.football-data.org/CL.png",
    "liga_api_id": 2001,
    "equipo_local": "Paris Saint-Germain FC",
    "equipo_local_logo": "https://crests.football-data.org/524.png",
    "equipo_visitante": "Liverpool FC",
    "equipo_visitante_logo": "https://crests.football-data.org/64.png",
    "fecha": "2026-04-08",
    "hora": "14:00:00",
    "estado": "NS",
    "goles_local": null,
    "goles_visitante": null,
    "fecha_actualizacion": "2026-04-08T00:04:45.798Z",
    "canales_bolaloca": ""
  }
},
{
  "model": "canales.partido",
  "pk": 825,
  "fields": {
    "api_id": 556720,
    "liga_nombre": "UEFA Champions League",
    "liga_logo": "https://crests.football-data.org/CL.png",
    "liga_api_id": 2001,
    "equipo_local": "FC Barcelona",
    "equipo_local_logo": "https://crests.football-data.org/81.png",
    "equipo_visitante": "Club Atlético de Madrid",
    "equipo_visitante_logo": "https://crests.football-data.org/78.png",
    "fecha": "2026-04-08",
    "hora": "14:00:00",
    "estado": "NS",
    "goles_local": null,
    "goles_visitante": null,
    "fecha_actualizacion": "2026-04-08T00:04:45.807Z",
    "canales_bolaloca": ""
  }
},
{
  "model": "canales.partido",
  "pk": 826,
  "fields": {
    "api_id": 556722,
    "liga_nombre": "UEFA Champions League",
    "liga_logo": "https://crests.football-data.org/CL.png",
    "liga_api_id": 2001,
    "equipo_local": "Liverpool FC",
    "equipo_local_logo": "https://crests.football-data.org/64.png",
    "equipo_visitante": "Paris Saint-Germain FC",
    "equipo_visitante_logo": "https://crests.football-data.org/524.png",
    "fecha": "2026-04-14",
    "hora": "14:00:00",
    "estado": "NS",
    "goles_local": null,
    "goles_visitante": null,
    "fecha_actualizacion": "2026-04-08T00:04:45.813Z",
    "canales_bolaloca": ""
  }
},
{
  "model": "canales.partido",
  "pk": 827,
  "fields": {
    "api_id": 556724,
    "liga_nombre": "UEFA Champions League",
    "liga_logo": "https://crests.football-data.org/CL.png",
    "liga_api_id": 2001,
    "equipo_local": "Club Atlético de Madrid",
    "equipo_local_logo": "https://crests.football-data.org/78.png",
    "equipo_visitante": "FC Barcelona",
    "equipo_visitante_logo": "https://crests.football-data.org/81.png",
    "fecha": "2026-04-14",
    "hora": "14:00:00",
    "estado": "NS",
    "goles_local": null,
    "goles_visitante": null,
    "fecha_actualizacion": "2026-04-08T00:04:45.821Z",
    "canales_bolaloca": ""
  }
},
{
  "model": "canales.partido",
  "pk": 828,
  "fields": {
    "api_id": 294688922,
    "liga_nombre": "Copa Sudamericana",
    "liga_logo": "https://www.thesportsdb.com/images/media/league/badge/copa-sudamericana.png",
    "liga_api_id": 11,
    "equipo_local": "Alianza Atlético",
    "equipo_local_logo": "https://r2.thesportsdb.com/images/media/team/badge/wu4g171615130421.png",
    "equipo_visitante": "Tigre",
    "equipo_visitante_logo": "https://r2.thesportsdb.com/images/media/team/badge/krryg71765858882.png",
    "fecha": "2026-04-07",
    "hora": "03:00:00",
    "estado": "NS",
    "goles_local": null,
    "goles_visitante": null,
    "fecha_actualizacion": "2026-04-07T23:46:49.447Z",
    "canales_bolaloca": "DSports 2"
  }
},
{
  "model": "canales.partido",
  "pk": 829,
  "fields": {
    "api_id": 720544566,
    "liga_nombre": "Liga BetPlay",
    "liga_logo": "https://www.thesportsdb.com/images/media/league/badge/liga-betplay-dimayor.png",
    "liga_api_id": 239,
    "equipo_local": "Rionegro Águilas",
    "equipo_local_logo": "https://r2.thesportsdb.com/images/media/team/badge/6d7qas1703002070.png",
    "equipo_visitante": "Atlético Bucaramanga",
    "equipo_visitante_logo": "https://r2.thesportsdb.com/images/media/team/badge/rtjs411576157184.png",
    "fecha": "2026-04-07",
    "hora": "22:00:00",
    "estado": "NS",
    "goles_local": null,
    "goles_visitante": null,
    "fecha_actualizacion": "2026-04-08T00:05:04.009Z",
    "canales_bolaloca": "Win Sports+"
  }
},
{
  "model": "canales.partido",
  "pk": 830,
  "fields": {
    "api_id": 1519114836,
    "liga_nombre": "Copa Argentina",
    "liga_logo": "https://www.thesportsdb.com/images/media/league/badge/copa-argentina.png",
    "liga_api_id": 0,
    "equipo_local": "Vélez Sarsfield",
    "equipo_local_logo": "https://r2.thesportsdb.com/images/media/team/badge/jo98m71517769587.png",
    "equipo_visitante": "Deportivo Armenio",
    "equipo_visitante_logo": "https://r2.thesportsdb.com/images/media/team/badge/7m7dub1677993920.png",
    "fecha": "2026-04-07",
    "hora": "22:30:00",
    "estado": "NS",
    "goles_local": null,
    "goles_visitante": null,
    "fecha_actualizacion": "2026-04-08T00:05:04.023Z",
    "canales_bolaloca": ""
  }
},
{
  "model": "canales.partido",
  "pk": 831,
  "fields": {
    "api_id": 192818567,
    "liga_nombre": "Copa Libertadores",
    "liga_logo": "https://www.thesportsdb.com/images/media/league/badge/copa-libertadores.png",
    "liga_api_id": 13,
    "equipo_local": "Independiente Rivadavia",
    "equipo_local_logo": "https://r2.thesportsdb.com/images/media/team/badge/qgzi2b1769406125.png",
    "equipo_visitante": "Bolívar",
    "equipo_visitante_logo": "https://r2.thesportsdb.com/images/media/team/badge/0o5jrz1579798499.png",
    "fecha": "2026-04-07",
    "hora": "23:00:00",
    "estado": "NS",
    "goles_local": null,
    "goles_visitante": null,
    "fecha_actualizacion": "2026-04-08T00:05:04.033Z",
    "canales_bolaloca": ""
  }
},
{
  "model": "canales.partido",
  "pk": 832,
  "fields": {
    "api_id": 941241738,
    "liga_nombre": "Copa Libertadores",
    "liga_logo": "https://www.thesportsdb.com/images/media/league/badge/copa-libertadores.png",
    "liga_api_id": 13,
    "equipo_local": "Deportivo La Guaira",
    "equipo_local_logo": "https://r2.thesportsdb.com/images/media/team/badge/c7p2081766113170.png",
    "equipo_visitante": "Fluminense",
    "equipo_visitante_logo": "https://r2.thesportsdb.com/images/media/team/badge/stvvwp1473538082.png",
    "fecha": "2026-04-07",
    "hora": "23:00:00",
    "estado": "NS",
    "goles_local": null,
    "goles_visitante": null,
    "fecha_actualizacion": "2026-04-08T00:05:04.043Z",
    "canales_bolaloca": ""
  }
},
{
  "model": "canales.partido",
  "pk": 833,
  "fields": {
    "api_id": 1560244374,
    "liga_nombre": "Copa Sudamericana",
    "liga_logo": "https://www.thesportsdb.com/images/media/league/badge/copa-sudamericana.png",
    "liga_api_id": 11,
    "equipo_local": "Independiente Petrolero",
    "equipo_local_logo": "https://r2.thesportsdb.com/images/media/team/badge/v0t6g61614284889.png",
    "equipo_visitante": "Racing Club",
    "equipo_visitante_logo": "https://r2.thesportsdb.com/images/media/team/badge/vi4mu41695734959.png",
    "fecha": "2026-04-07",
    "hora": "23:00:00",
    "estado": "NS",
    "goles_local": null,
    "goles_visitante": null,
    "fecha_actualizacion": "2026-04-08T00:05:04.054Z",
    "canales_bolaloca": "ESPN 2"
  }
},
{
  "model": "canales.partido",
  "pk": 834,
  "fields": {
    "api_id": 175225662,
    "liga_nombre": "Copa Sudamericana",
    "liga_logo": "https://www.thesportsdb.com/images/media/league/badge/copa-sudamericana.png",
    "liga_api_id": 11,
    "equipo_local": "Barracas Central",
    "equipo_local_logo": "https://r2.thesportsdb.com/images/media/team/badge/rbkjba1707458543.png",
    "equipo_visitante": "Vasco da Gama",
    "equipo_visitante_logo": "https://r2.thesportsdb.com/images/media/team/badge/ynqlxo1630521109.png",
    "fecha": "2026-04-07",
    "hora": "23:00:00",
    "estado": "NS",
    "goles_local": null,
    "goles_visitante": null,
    "fecha_actualizacion": "2026-04-08T00:05:04.065Z",
    "canales_bolaloca": "DSports"
  }
},
{
  "model": "canales.partido",
  "pk": 835,
  "fields": {
    "api_id": 756054828,
    "liga_nombre": "Copa Libertadores",
    "liga_logo": "https://www.thesportsdb.com/images/media/league/badge/copa-libertadores.png",
    "liga_api_id": 13,
    "equipo_local": "Always Ready",
    "equipo_local_logo": "https://r2.thesportsdb.com/images/media/team/badge/g7rlnw1618943620.png",
    "equipo_visitante": "LDU Quito",
    "equipo_visitante_logo": "https://r2.thesportsdb.com/images/media/team/badge/5tf5ch1736404372.png",
    "fecha": "2026-04-07",
    "hora": "01:00:00",
    "estado": "NS",
    "goles_local": null,
    "goles_visitante": null,
    "fecha_actualizacion": "2026-04-08T00:05:04.074Z",
    "canales_bolaloca": ""
  }
},
{
  "model": "canales.partido",
  "pk": 836,
  "fields": {
    "api_id": 785939640,
    "liga_nombre": "Copa Libertadores",
    "liga_logo": "https://www.thesportsdb.com/images/media/league/badge/copa-libertadores.png",
    "liga_api_id": 13,
    "equipo_local": "Barcelona SC",
    "equipo_local_logo": "https://r2.thesportsdb.com/images/media/team/badge/wq9sir1639406443.png",
    "equipo_visitante": "Cruzeiro",
    "equipo_visitante_logo": "https://r2.thesportsdb.com/images/media/team/badge/upsvvu1473538059.png",
    "fecha": "2026-04-07",
    "hora": "01:00:00",
    "estado": "NS",
    "goles_local": null,
    "goles_visitante": null,
    "fecha_actualizacion": "2026-04-08T00:05:04.082Z",
    "canales_bolaloca": "ESPN 2"
  }
},
{
  "model": "canales.partido",
  "pk": 837,
  "fields": {
    "api_id": 1228092408,
    "liga_nombre": "Copa Sudamericana",
    "liga_logo": "https://www.thesportsdb.com/images/media/league/badge/copa-sudamericana.png",
    "liga_api_id": 11,
    "equipo_local": "O'Higgins",
    "equipo_local_logo": "https://r2.thesportsdb.com/images/media/team/badge/g44b1l1756095484.png",
    "equipo_visitante": "Millonarios",
    "equipo_visitante_logo": "https://r2.thesportsdb.com/images/media/team/badge/mc73ix1629122587.png",
    "fecha": "2026-04-07",
    "hora": "01:00:00",
    "estado": "NS",
    "goles_local": null,
    "goles_visitante": null,
    "fecha_actualizacion": "2026-04-08T00:05:04.091Z",
    "canales_bolaloca": "ESPN 1"
  }
},
{
  "model": "canales.partido",
  "pk": 838,
  "fields": {
    "api_id": 183457098,
    "liga_nombre": "Copa Libertadores",
    "liga_logo": "https://www.thesportsdb.com/images/media/league/badge/copa-libertadores.png",
    "liga_api_id": 13,
    "equipo_local": "Universidad Católica",
    "equipo_local_logo": "https://r2.thesportsdb.com/images/media/team/badge/h2pcuc1602188028.png",
    "equipo_visitante": "Boca Juniors",
    "equipo_visitante_logo": "https://r2.thesportsdb.com/images/media/team/badge/2en2k01769678216.png",
    "fecha": "2026-04-07",
    "hora": "01:30:00",
    "estado": "NS",
    "goles_local": null,
    "goles_visitante": null,
    "fecha_actualizacion": "2026-04-08T00:05:04.099Z",
    "canales_bolaloca": ""
  }
},
{
  "model": "canales.partido",
  "pk": 839,
  "fields": {
    "api_id": 787428663,
    "liga_nombre": "Copa Sudamericana",
    "liga_logo": "https://www.thesportsdb.com/images/media/league/badge/copa-sudamericana.png",
    "liga_api_id": 11,
    "equipo_local": "Boston River",
    "equipo_local_logo": "https://r2.thesportsdb.com/images/media/team/badge/8zq9n91736218442.png",
    "equipo_visitante": "Săo Paulo",
    "equipo_visitante_logo": "https://r2.thesportsdb.com/images/media/team/badge/sxpupx1473538135.png",
    "fecha": "2026-04-07",
    "hora": "01:30:00",
    "estado": "NS",
    "goles_local": null,
    "goles_visitante": null,
    "fecha_actualizacion": "2026-04-08T00:05:04.108Z",
    "canales_bolaloca": "DSports"
  }
},
{
  "model": "canales.partido",
  "pk": 840,
  "fields": {
    "api_id": 1662643110,
    "liga_nombre": "Copa Libertadores",
    "liga_logo": "https://www.thesportsdb.com/images/media/league/badge/copa-libertadores.png",
    "liga_api_id": 13,
    "equipo_local": "Deportes Tolima",
    "equipo_local_logo": "https://r2.thesportsdb.com/images/media/team/badge/4bscjt1766423328.png",
    "equipo_visitante": "Universitario",
    "equipo_visitante_logo": "https://r2.thesportsdb.com/images/media/team/badge/xt290m1603137966.png",
    "fecha": "2026-04-07",
    "hora": "03:00:00",
    "estado": "NS",
    "goles_local": null,
    "goles_visitante": null,
    "fecha_actualizacion": "2026-04-08T00:05:04.118Z",
    "canales_bolaloca": "ESPN 1"
  }
},
{
  "model": "canales.partido",
  "pk": 841,
  "fields": {
    "api_id": 478590622,
    "liga_nombre": "Copa Sudamericana",
    "liga_logo": "https://www.thesportsdb.com/images/media/league/badge/copa-sudamericana.png",
    "liga_api_id": 11,
    "equipo_local": "Alianza Atlético",
    "equipo_local_logo": "https://r2.thesportsdb.com/images/media/team/badge/wu4g171615130421.png",
    "equipo_visitante": "Tigre",
    "equipo_visitante_logo": "https://r2.thesportsdb.com/images/media/team/badge/krryg71765858882.png",
    "fecha": "2026-04-07",
    "hora": "03:00:00",
    "estado": "NS",
    "goles_local": null,
    "goles_visitante": null,
    "fecha_actualizacion": "2026-04-08T00:05:04.126Z",
    "canales_bolaloca": "DSports 2"
  }
}
]
